,Parameter,Hungarian,H Word Length,H Vowel Count,H Consonant Count,Albanian,A Word Length,A Vowel Count,A Consonant Count
0,world,vilag,5,2,3,bot,3,1,2
1,world,vilag,5,2,3,e,1,1,0
2,world,vilag,5,2,3,rokulialem,10,5,5
3,world,vilag,5,2,3,dua,3,2,1
4,earth,fold,4,1,3,tok,3,1,2
6,earth,talay,5,3,2,tok,3,1,2
12,earth,fold,4,1,3,e,1,1,0
14,earth,talay,5,3,2,e,1,1,0
20,earth,fold,4,1,3,trual,5,2,3
22,earth,talay,5,3,2,trual,5,2,3
28,dust,por,3,1,2,pluhur,6,2,4
30,mud,sar,3,1,2,balt,4,1,3
31,sand,homok,5,2,3,rr,2,0,2
32,mountain,hegy,4,2,2,mal,3,1,2
38,plain,siksag,6,2,4,fus,3,1,2
39,plain,mez,3,1,2,fus,3,1,2
42,valley,volgy,5,2,3,lugin,5,2,3
43,island,sziget,6,2,4,isul,4,2,2
45,mainland,szarazfold,10,3,7,kontinent,9,3,6
46,mainland,kontinens,9,3,6,kontinent,9,3,6
51,shore,part,4,1,3,plaz,4,1,3
54,shore,part,4,1,3,bregdet,7,2,5
57,shore,part,4,1,3,breg,4,1,3
60,water,viz,3,1,2,uy,2,2,0
61,sea,tenger,6,2,4,det,3,1,2
62,lake,to,2,1,1,liken,5,2,3
63,gulf,obol,4,2,2,gi,2,1,1
64,gulf,obol,4,2,2,liman,5,2,3
65,wave,hullam,6,2,4,dalg,4,1,3
68,river,folyo,5,3,2,lum,3,1,2
71,river,ar,2,1,1,lum,3,1,2
74,river,patak,5,2,3,lum,3,1,2
95,spring,forras,6,2,4,pus,3,1,2
99,spring,kut,3,1,2,pus,3,1,2
103,spring,tavasz,6,2,4,pus,3,1,2
131,spring,forras,6,2,4,guf,3,1,2
135,spring,kut,3,1,2,guf,3,1,2
139,spring,tavasz,6,2,4,guf,3,1,2
167,spring,forras,6,2,4,krua,4,2,2
171,spring,kut,3,1,2,krua,4,2,2
175,spring,tavasz,6,2,4,krua,4,2,2
203,spring,forras,6,2,4,burim,5,2,3
207,spring,kut,3,1,2,burim,5,2,3
211,spring,tavasz,6,2,4,burim,5,2,3
239,spring,forras,6,2,4,burom,5,2,3
243,spring,kut,3,1,2,burom,5,2,3
247,spring,tavasz,6,2,4,burom,5,2,3
275,spring,forras,6,2,4,pranver,7,2,5
279,spring,kut,3,1,2,pranver,7,2,5
283,spring,tavasz,6,2,4,pranver,7,2,5
311,woods,erd,3,1,2,pul,3,1,2
312,treecf.,fa,2,1,1,pem,3,1,2
314,wood,fanyag,6,3,3,dru,3,1,2
315,wood,tzifa,5,2,3,dru,3,1,2
316,stone,k,1,0,1,gur,3,1,2
319,stone,szikla,6,2,4,gur,3,1,2
322,stone,szirt,5,1,4,gur,3,1,2
343,stone,k,1,0,1,skmb,4,0,4
346,stone,szikla,6,2,4,skmb,4,0,4
349,stone,szirt,5,1,4,skmb,4,0,4
370,sky,eg,2,1,1,kel,3,1,2
371,sky,eg,2,1,1,hava,4,2,2
372,sun,nap,3,1,2,diel,4,2,2
373,moon,hold,4,1,3,hn,2,0,2
374,star,czillag,7,2,5,ul,2,1,1
375,star,czillag,7,2,5,suz,3,1,2
376,lightning,villam,6,2,4,vettim,6,2,4
378,thunder,mennydorges,11,4,7,bubulim,7,3,4
380,thunder,mennydorges,11,4,7,gmim,4,1,3
382,lightningasstriking,zivatar,7,3,4,rufe,4,2,2
383,lightnoun,feny,4,2,2,drit,4,1,3
384,lightnoun,vilagossag,10,4,6,drit,4,1,3
385,lightnoun,feny,4,2,2,ndricim,7,2,5
386,lightnoun,vilagossag,10,4,6,ndricim,7,2,5
387,darkness,sotegseg,8,3,5,ert,3,1,2
389,darkness,sotegseg,8,3,5,erasir,6,3,3
391,darkness,sotegseg,8,3,5,zumt,4,1,3
393,shade,arnyek,6,3,3,hiye,4,3,1
394,air,leveg,5,2,3,ayr,3,2,1
396,wind,szel,4,1,3,er,2,1,1
400,wind,czavar,6,2,4,er,2,1,1
404,wind,sodor,5,2,3,er,2,1,1
408,wind,fon,3,1,2,er,2,1,1
412,wind,beczavar,8,3,5,er,2,1,1
496,wind,szel,4,1,3,mbtyel,6,2,4
500,wind,czavar,6,2,4,mbtyel,6,2,4
504,wind,sodor,5,2,3,mbtyel,6,2,4
508,wind,fon,3,1,2,mbtyel,6,2,4
512,wind,beczavar,8,3,5,mbtyel,6,2,4
596,cloud,felh,4,1,3,re,2,1,1
597,fog,kod,3,1,2,myegul,6,3,3
599,rainnoun,es,2,1,1,si,2,1,1
600,snownoun,ho,2,1,1,bor,3,1,2
601,ice,yeg,3,2,1,akul,4,2,2
602,weather,idyaras,7,4,3,mot,3,1,2
604,fire,tz,2,0,2,zyar,4,2,2
605,flamenoun,lang,4,1,3,flak,4,1,3
606,smokenoun,fust,4,1,3,tum,3,1,2
607,ashes,hamu,4,2,2,hi,2,1,1
608,light,meggyuyt,8,4,4,merflak,7,2,5
610,light,eltuzel,7,3,4,merflak,7,2,5
616,light,meggyuyt,8,4,4,vzyain,6,3,3
618,light,eltuzel,7,3,4,vzyain,6,3,3
624,matchnoun,gyufa,5,3,2,skrepase,8,3,5
626,person,egyen,5,3,2,eri,3,2,1
627,person,ember,5,2,3,eri,3,2,1
628,manvs.woman,ferfi,5,2,3,bur,3,1,2
630,woman,aszszony,8,3,5,grua,4,2,2
631,woman,n,1,0,1,grua,4,2,2
632,male,him,3,1,2,maskul,6,2,4
633,female,nnemu,5,2,3,femr,4,1,3
634,boy,fiu,3,2,1,dyal,4,2,2
636,boy,fiu,3,2,1,bir,3,1,2
638,boy,fiu,3,2,1,cun,3,1,2
640,girl,leany,5,3,2,vayz,4,2,2
641,child,gyermek,7,3,4,fmiy,4,2,2
642,infant,czeczem,7,2,5,fos,3,1,2
644,infant,kisbaba,7,3,4,fos,3,1,2
658,husband,fery,4,2,2,bur,3,1,2
660,wife,feleseg,7,3,4,grua,4,2,2
664,marry,meghazasodik,12,5,7,martohet,8,3,5
670,marriage,hazassag,8,3,5,martes,6,2,4
682,marriage,hazassag,8,3,5,dasm,4,1,3
694,father,apa,3,2,1,baba,4,2,2
695,father,apa,3,2,1,at,2,1,1
696,mother,anya,4,3,1,nn,2,0,2
697,parents,szulk,5,1,4,prindr,6,1,5
698,son,fiu,3,2,1,bir,3,1,2
699,son,fiu,3,2,1,dyal,4,2,2
700,daughter,leany,5,3,2,biy,3,2,1
701,brother,fiver,5,2,3,vla,3,1,2
702,sister,nver,4,1,3,motr,4,1,3
703,grandfather,nagyapa,7,4,3,gu,2,1,1
705,grandmother,nagyanya,8,5,3,gue,3,2,1
707,grandson,fiuunoka,8,5,3,nip,3,1,2
708,granddaughter,leanyunoka,10,6,4,mbes,4,1,3
709,uncle,nagybaczi,9,4,5,aa,2,2,0
710,uncle,nagybaczi,9,4,5,day,3,2,1
711,aunt,nagyneni,8,4,4,teze,4,2,2
712,aunt,nagyneni,8,4,4,hal,3,1,2
713,nephew,unokaocz,8,4,4,nip,3,1,2
714,niece,unokahug,8,4,4,mbes,4,1,3
715,cousin,unokatestver,12,5,7,kusri,5,2,3
719,ancestors,sok,3,1,2,prnik,5,1,4
721,ancestors,eldok,5,2,3,prnik,5,1,4
727,ancestors,sok,3,1,2,gur,3,1,2
729,ancestors,eldok,5,2,3,gur,3,1,2
735,descendants,leszarmazottak,14,5,9,trgimtr,7,1,6
737,descendants,leszarmazottak,14,5,9,pasars,6,2,4
739,fatherinlawofaman,apos,4,2,2,vyeh,4,2,2
740,motherinlawofaman,anyos,5,3,2,vyeh,4,2,2
741,soninlawofaman,v,1,0,1,ndr,3,0,3
742,daughterinlawofaman,meny,4,2,2,nuse,4,2,2
743,stepfather,mostohapa,9,4,5,erk,3,1,2
744,stepfather,mostohapa,9,4,5,kaflor,6,2,4
745,stepfather,mostohapa,9,4,5,vitrk,5,1,4
746,stepmother,mostohanya,10,5,5,erk,3,1,2
747,stepmother,mostohanya,10,5,5,vitrke,6,2,4
748,stepson,mostohafiu,10,5,5,yetr,4,2,2
749,stepson,mostohafiu,10,5,5,postrk,6,1,5
750,stepson,mostohafiu,10,5,5,birigetur,9,4,5
751,stepson,mostohafiu,10,5,5,dyligetur,9,4,5
752,stepdaughter,mostohaleany,12,6,6,biyegetur,9,5,4
753,stepdaughter,mostohaleany,12,6,6,vayzegetur,10,5,5
754,orphan,arva,4,2,2,boak,4,2,2
758,orphan,arva,4,2,2,boar,4,2,2
762,orphan,arva,4,2,2,yetim,5,3,2
766,widow,ozvegy,6,3,3,ve,2,1,1
767,relatives,rokon,5,2,3,erzi,4,2,2
769,family,czalad,6,2,4,familye,7,4,3
771,animal,allat,5,2,3,kafs,4,1,3
775,animal,allat,5,2,3,bis,3,1,2
779,maleadj,him,3,1,2,maskul,6,2,4
782,femaleadj,nsteny,6,2,4,femr,4,1,3
785,livestock,allatallomany,13,6,7,bagti,5,2,3
787,livestock,allatallomany,13,6,7,blegtori,8,3,5
789,pasture,legel,5,2,3,kulot,5,2,3
792,pasture,legel,5,2,3,mera,4,2,2
795,herdsman,pasztor,7,2,5,bari,4,2,2
799,stable,istallo,7,3,4,grazd,5,1,4
805,stable,istallo,7,3,4,hayat,5,3,2
811,cattlebovine,marha,5,2,3,ge,2,1,1
813,cattlebovine,marha,5,2,3,bagtietra,9,4,5
815,bull,bika,4,2,2,mesk,4,1,3
816,bull,bika,4,2,2,terak,5,2,3
817,ox,okor,4,2,2,ka,2,1,1
818,cow,tehen,5,2,3,lop,3,1,2
819,calf,boryu,5,3,2,vic,3,1,2
820,sheep,yuh,3,2,1,dele,4,2,2
821,sheep,birka,5,2,3,dele,4,2,2
822,sheep,yuh,3,2,1,en,2,1,1
823,sheep,birka,5,2,3,en,2,1,1
824,ram,kos,3,1,2,das,3,1,2
825,ram,uru,3,2,1,das,3,1,2
826,ram,yuh,3,2,1,das,3,1,2
830,ewe,nstenyyuh,9,4,5,dele,4,2,2
831,lamb,kisbarany,9,4,5,keng,4,1,3
832,boar,vaddiszno,9,3,6,i,1,1,0
835,sow,diszno,6,2,4,dos,3,1,2
839,sow,sertes,6,2,4,dos,3,1,2
843,sow,vet,3,1,2,dos,3,1,2
871,sow,diszno,6,2,4,ine,3,2,1
875,sow,sertes,6,2,4,ine,3,2,1
879,sow,vet,3,1,2,ine,3,2,1
907,sow,diszno,6,2,4,mbyel,5,2,3
911,sow,sertes,6,2,4,mbyel,5,2,3
915,sow,vet,3,1,2,mbyel,5,2,3
943,pig,malac,5,2,3,der,3,1,2
944,goat,keczke,6,2,4,i,1,1,0
945,hegoat,bakkeczke,9,3,6,cyap,4,2,2
946,kid,keczkegida,10,4,6,kec,3,1,2
948,horseequine,lomen,5,2,3,kal,3,1,2
949,stallion,czdor,5,1,4,hamsor,6,2,4
950,stallion,men,3,1,2,hamsor,6,2,4
951,stallion,czdor,5,1,4,at,2,1,1
952,stallion,men,3,1,2,at,2,1,1
953,mare,kanca,5,2,3,pel,3,1,2
954,foal,cziko,5,2,3,mz,2,0,2
956,ass,szamar,6,2,4,gomar,5,2,3
960,ass,szamar,6,2,4,magar,5,2,3
964,mule,oszver,6,2,4,musk,4,1,3
966,cock,kakas,5,2,3,gel,3,1,2
967,hen,tyuk,4,2,2,pul,3,1,2
968,chicken,czibe,5,2,3,pul,3,1,2
969,chicken,czibe,5,2,3,kluk,4,1,3
970,goose,liba,4,2,2,pat,3,1,2
971,duck,kacza,5,2,3,ros,3,1,2
972,bird,madar,5,2,3,zog,3,1,2
974,dog,kutya,5,3,2,ken,3,1,2
975,dog,eb,2,1,1,ken,3,1,2
976,cat,maczka,6,2,4,mace,4,2,2
977,mouse,eger,4,2,2,mi,2,1,1
978,mouse,patkany,7,3,4,mi,2,1,1
981,fish,hal,3,1,2,pesk,4,1,3
982,wolf,farkas,6,2,4,uyk,3,2,1
983,wolf,farkas,6,2,4,ulk,3,1,2
984,lion,oroszlan,8,3,5,luan,4,2,2
985,bear,medve,5,2,3,ari,3,2,1
986,fox,roka,4,2,2,elpr,4,1,3
987,deer,szarvas,7,2,5,dre,3,1,2
989,monkey,mayom,5,3,2,maymun,6,3,3
990,elephant,elefant,7,3,4,elefant,7,3,4
991,camel,teve,4,2,2,deve,4,2,2
992,camel,teve,4,2,2,gamile,6,3,3
993,bee,meh,3,1,2,blet,4,1,3
994,fly,legy,4,2,2,miz,3,1,2
996,fly,repul,5,2,3,miz,3,1,2
1002,fly,legy,4,2,2,fluturon,8,3,5
1004,fly,repul,5,2,3,fluturon,8,3,5
1010,worm,kukac,5,2,3,krimb,5,1,4
1011,worm,fereg,5,2,3,krimb,5,1,4
1012,snake,kigyo,5,3,2,gyarpr,6,2,4
1013,snake,kigyo,5,3,2,bol,3,1,2
1014,snake,kigyo,5,3,2,suval,5,2,3
1015,snake,kigyo,5,3,2,sigetul,7,3,4
1016,body,test,4,1,3,trup,4,1,3
1017,body,test,4,1,3,stat,4,1,3
1018,skin,br,2,0,2,lkur,4,1,3
1019,flesh,hus,3,1,2,mis,3,1,2
1020,hairhead,hayszal,7,3,4,flok,4,1,3
1021,hairhead,hayszal,7,3,4,le,2,1,1
1022,beard,szakall,7,2,5,myekr,5,2,3
1023,blood,ver,3,1,2,gak,3,1,2
1024,bone,czont,5,1,4,kock,4,1,3
1025,rib,borda,5,2,3,bri,3,1,2
1026,horn,szarv,5,1,4,bri,3,1,2
1027,horn,kurt,4,1,3,bri,3,1,2
1028,horn,cz,2,0,2,bri,3,1,2
1038,horn,szarv,5,1,4,bori,4,2,2
1039,horn,kurt,4,1,3,bori,4,2,2
1040,horn,cz,2,0,2,bori,4,2,2
1050,horn,szarv,5,1,4,trumbet,7,2,5
1051,horn,kurt,4,1,3,trumbet,7,2,5
1052,horn,cz,2,0,2,trumbet,7,2,5
1062,horn,szarv,5,1,4,korno,5,2,3
1063,horn,kurt,4,1,3,korno,5,2,3
1064,horn,cz,2,0,2,korno,5,2,3
1074,tail,farok,5,2,3,bist,4,1,3
1075,back,hat,3,1,2,spin,4,1,3
1077,back,hat,3,1,2,kuriz,5,2,3
1079,head,fey,3,2,1,kok,3,1,2
1080,head,fey,3,2,1,krue,4,2,2
1081,skull,koponya,7,4,3,kafk,4,1,3
1082,skull,koponya,7,4,3,radake,6,3,3
1083,skull,koponya,7,4,3,sutak,5,2,3
1084,skull,koponya,7,4,3,porcek,6,2,4
1085,brain,agy,3,2,1,tru,3,1,2
1086,face,arc,3,1,2,futur,5,2,3
1088,forehead,homlok,6,2,4,bal,3,1,2
1089,jaw,allkapocz,9,3,6,noful,5,2,3
1090,jaw,allkapocz,9,3,6,cul,3,1,2
1091,cheek,orca,4,2,2,fake,4,2,2
1095,chin,all,3,1,2,myekr,5,2,3
1097,eye,szem,4,1,3,su,2,1,1
1098,eyebrow,szemoldok,9,3,6,vetul,5,2,3
1099,ear,ful,3,1,2,ves,3,1,2
1100,nose,orr,3,1,2,hund,4,1,3
1101,mouth,szay,4,2,2,goy,3,2,1
1102,lip,ayak,4,3,1,buz,3,1,2
1103,tongue,nyelv,5,2,3,guh,3,1,2
1104,tooth,fog,3,1,2,mb,2,0,2
1105,neck,nyak,4,2,2,kaf,3,1,2
1107,throat,torok,5,2,3,fut,3,1,2
1109,throat,torok,5,2,3,gruk,4,1,3
1111,shoulder,vall,4,1,3,sup,3,1,2
1112,arm,kar,3,1,2,krah,4,1,3
1113,elbow,konyok,6,3,3,bul,3,1,2
1114,hand,kez,3,1,2,dor,3,1,2
1115,finger,uyy,3,3,0,gist,4,1,3
1116,thumb,huvelykuyy,10,6,4,pulker,6,2,4
1118,fingernail,korom,5,2,3,ua,2,2,0
1119,leg,lab,3,1,2,kmb,3,0,3
1121,knee,terd,4,1,3,gu,2,1,1
1122,foot,lab,3,1,2,kmb,3,0,3
1126,toe,labuyy,6,4,2,gistikmbs,9,2,7
1127,wing,szarny,6,2,4,krah,4,1,3
1128,feather,toll,4,1,3,pend,4,1,3
1130,chest,mell,4,1,3,goks,4,1,3
1132,breastofwoman,mell,4,1,3,gi,2,1,1
1134,udder,tgy,3,1,2,zeng,4,1,3
1135,udder,tgy,3,1,2,zangl,5,1,4
1136,navel,koldok,6,2,4,kriz,4,1,3
1137,heart,sziv,4,1,3,zemr,4,1,3
1138,liver,may,3,2,1,mli,3,1,2
1139,stomach,gyomor,6,3,3,bark,4,1,3
1143,stomach,gyomor,6,3,3,stomak,6,2,4
1147,stomach,gyomor,6,3,3,skil,4,1,3
1151,stomach,gyomor,6,3,3,cul,3,1,2
1155,stomach,gyomor,6,3,3,mul,3,1,2
1159,womb,anyameh,7,4,3,an,2,1,1
1161,womb,anyameh,7,4,3,mitr,4,1,3
1163,testicle,here,4,2,2,koke,4,2,2
1169,penis,penisz,6,2,4,kar,3,1,2
1171,breathe,legelzik,8,3,5,frumos,6,2,4
1173,breathe,legezes,7,3,4,frumos,6,2,4
1179,yawn,cisit,5,2,3,guhat,5,2,3
1182,yawn,cisit,5,2,3,gogsin,6,2,4
1185,cough,kohog,5,2,3,kolet,5,2,3
1186,sneeze,tuszszent,9,2,7,testin,6,2,4
1188,perspire,izzad,5,2,3,dyersit,7,3,4
1190,spit,kop,3,1,2,ptum,4,1,3
1193,spit,kop,3,1,2,yarg,4,2,2
1196,vomit,kihany,6,3,3,gukson,6,2,4
1198,vomit,okadik,6,3,3,gukson,6,2,4
1200,vomit,kihany,6,3,3,vyel,4,2,2
1202,vomit,okadik,6,3,3,vyel,4,2,2
1204,bite,harap,5,2,3,kafson,6,2,4
1206,lick,nyal,4,2,2,lap,3,1,2
1209,lick,nyal,4,2,2,lpin,4,1,3
1212,sleep,alszik,6,2,4,fle,3,1,2
1214,sleep,alszik,6,2,4,gumon,5,2,3
1216,dream,almodik,7,3,4,ndon,4,1,3
1217,wakeup,ebred,5,2,3,zguan,5,2,3
1219,breakwind,szellent,8,2,6,pyer,4,2,2
1220,urinate,vizel,5,2,3,psu,3,1,2
1224,defecate,belsar,6,2,4,yet,3,2,1
1226,havesexualintercourse,kozosul,7,3,4,kin,3,1,2
1227,havesexualintercourse,kozosul,7,3,4,kepet,5,2,3
1228,begetoffather,szuletik,8,3,5,biyon,5,3,2
1229,borntobe,szul,4,1,3,lind,4,1,3
1230,borntobe,szul,4,1,3,lindet,6,2,4
1231,pregnant,terhes,6,2,4,statzn,6,1,5
1233,pregnant,allapotos,9,4,5,statzn,6,1,5
1235,pregnant,terhes,6,2,4,mbars,5,1,4
1237,pregnant,allapotos,9,4,5,mbars,5,1,4
1239,live,el,2,1,1,igal,4,2,2
1244,live,elet,4,2,2,igal,4,2,2
1269,live,el,2,1,1,yeton,5,3,2
1274,live,elet,4,2,2,yeton,5,3,2
1299,live,el,2,1,1,yet,3,2,1
1304,live,elet,4,2,2,yet,3,2,1
1329,die,meghal,6,2,4,vdes,4,1,3
1332,die,halott,6,2,4,vdes,4,1,3
1347,die,meghal,6,2,4,vdekye,6,3,3
1350,die,halott,6,2,4,vdekye,6,3,3
1365,die,meghal,6,2,4,ivdekur,7,3,4
1368,die,halott,6,2,4,ivdekur,7,3,4
1383,kill,megol,5,2,3,vret,4,1,3
1385,corpse,hulla,5,2,3,kufom,5,2,3
1387,corpse,tetem,5,2,3,kufom,5,2,3
1389,corpse,hulla,5,2,3,lipsan,6,2,4
1391,corpse,tetem,5,2,3,lipsan,6,2,4
1393,corpse,hulla,5,2,3,meit,4,2,2
1395,corpse,tetem,5,2,3,meit,4,2,2
1397,burythedead,eltemet,7,3,4,varos,5,2,3
1399,grave,sir,3,1,2,var,3,1,2
1401,grave,sir,3,1,2,kivur,5,2,3
1403,strong,ers,3,1,2,ifukim,6,3,3
1405,strong,hatalmas,8,3,5,ifukim,6,3,3
1411,strong,ers,3,1,2,ifort,5,2,3
1413,strong,hatalmas,8,3,5,ifort,5,2,3
1419,weak,gyenge,6,3,3,idobt,5,2,3
1420,well,egeszseges,10,4,6,mirmendet,9,3,6
1422,well,egeszseg,8,3,5,mirmendet,9,3,6
1428,well,egeszseges,10,4,6,sndet,5,1,4
1430,well,egeszseg,8,3,5,sndet,5,1,4
1436,sick,beteg,5,2,3,ismur,5,2,3
1438,sick,betegseg,8,3,5,ismur,5,2,3
1444,sick,beteg,5,2,3,smundye,7,3,4
1446,sick,betegseg,8,3,5,smundye,7,3,4
1452,wound,seb,3,1,2,plag,4,1,3
1454,cure,apol,4,2,2,sron,4,1,3
1456,cure,kezel,5,2,3,sron,4,1,3
1458,cure,apol,4,2,2,sndo,4,1,3
1460,cure,kezel,5,2,3,sndo,4,1,3
1462,physician,orvos,5,2,3,myek,4,2,2
1464,physician,orvos,5,2,3,doktor,6,2,4
1466,medicine,orvossag,8,3,5,ila,3,2,1
1472,medicine,orvossag,8,3,5,bar,3,1,2
1478,poison,mereg,5,2,3,helm,4,1,3
1480,tired,faradt,6,2,4,ilour,5,3,2
1481,tired,kimerult,8,3,5,ilour,5,3,2
1484,lazy,lusta,5,2,3,prtac,5,1,4
1486,lazy,lusta,5,2,3,dembel,6,2,4
1488,bald,kopasz,6,2,4,tul,3,1,2
1490,bald,kopasz,6,2,4,isogt,5,2,3
1492,lame,santa,5,2,3,ical,4,2,2
1497,deaf,suket,5,2,3,isurt,5,2,3
1498,deaf,suket,5,2,3,sur,3,1,2
1499,mute,nema,4,2,2,memec,5,2,3
1500,mute,nema,4,2,2,inemitur,8,4,4
1501,mute,nema,4,2,2,vuv,3,1,2
1502,blind,vak,3,1,2,iverbr,6,2,4
1503,blind,vak,3,1,2,ko,2,1,1
1504,intoxicated,reszeg,6,2,4,idehur,6,3,3
1506,naked,meztelen,8,3,5,lakurik,7,3,4
1507,naked,pucer,5,2,3,lakurik,7,3,4
1508,eat,eszik,5,2,3,ha,2,1,1
1510,food,etel,4,2,2,buk,3,1,2
1512,food,etel,4,2,2,gel,3,1,2
1514,green,zold,4,1,3,rok,3,1,2
1515,green,nyers,5,2,3,rok,3,1,2
1518,green,zold,4,1,3,aguri,5,3,2
1519,green,nyers,5,2,3,aguri,5,3,2
1522,green,zold,4,1,3,igelbr,6,2,4
1523,green,nyers,5,2,3,igelbr,6,2,4
1526,green,zold,4,1,3,iblert,6,2,4
1527,green,nyers,5,2,3,iblert,6,2,4
1530,drink,iszik,5,2,3,pi,2,1,1
1531,hunger,ehseg,5,2,3,uri,3,2,1
1532,thirst,szomyusag,9,4,5,etye,4,3,1
1533,suck,sziv,4,1,3,i,1,1,0
1536,cook,fz,2,0,2,gatuan,6,3,3
1540,boil,forral,6,2,4,zien,4,2,2
1542,boil,forral,6,2,4,valon,5,2,3
1544,roast,sut,3,1,2,pyek,4,2,2
1550,roast,sut,3,1,2,tiganis,7,3,4
1556,bake,sut,3,1,2,pyek,4,2,2
1557,bake,sut,3,1,2,piket,5,2,3
1558,oven,tzhely,6,2,4,fur,3,1,2
1559,oven,kalyha,6,3,3,fur,3,1,2
1560,oven,tzhely,6,2,4,tav,3,1,2
1561,oven,kalyha,6,3,3,tav,3,1,2
1562,pot,edeny,5,3,2,tenere,6,3,3
1563,pot,fazek,5,2,3,tenere,6,3,3
1564,pot,edeny,5,3,2,vegs,4,1,3
1565,pot,fazek,5,2,3,vegs,4,1,3
1566,pot,edeny,5,3,2,en,2,1,1
1567,pot,fazek,5,2,3,en,2,1,1
1568,kettle,ust,3,1,2,ugum,4,2,2
1571,kettle,ust,3,1,2,kusi,4,2,2
1574,pan,serpeny,7,3,4,tigan,5,2,3
1586,dish,edeny,5,3,2,pyat,4,2,2
1588,dish,edeny,5,3,2,limb,4,1,3
1590,bowl,tal,3,1,2,tas,3,1,2
1594,bowl,tal,3,1,2,kup,3,1,2
1598,bowl,tal,3,1,2,blud,4,1,3
1602,pitcher,koczog,6,2,4,brok,4,1,3
1603,pitcher,korso,5,2,3,brok,4,1,3
1606,pitcher,koczog,6,2,4,korove,6,3,3
1607,pitcher,korso,5,2,3,korove,6,3,3
1610,pitcher,koczog,6,2,4,knae,4,2,2
1611,pitcher,korso,5,2,3,knae,4,2,2
1614,cup,czesze,6,2,4,kup,3,1,2
1618,cup,czesze,6,2,4,got,3,1,2
1622,spoon,kanal,5,2,3,lug,3,1,2
1623,knife,kes,3,1,2,ik,2,1,1
1624,fork,villa,5,2,3,pirun,5,2,3
1628,fork,villa,5,2,3,sfurk,5,1,4
1632,fork,villa,5,2,3,trfurk,6,1,5
1636,meala,etkezes,7,3,4,gel,3,1,2
1638,breakfast,reggeli,7,3,4,mnges,5,1,4
1639,breakfast,tizorai,7,4,3,mnges,5,1,4
1640,lunch,loncz,5,1,4,drek,4,1,3
1641,lunch,etkezes,7,3,4,drek,4,1,3
1642,dinner,ebed,4,2,2,dark,4,1,3
1646,dinner,ebed,4,2,2,drek,4,1,3
1650,dinner,ebed,4,2,2,msal,4,1,3
1654,supper,vaczora,7,3,4,dark,4,1,3
1657,bread,kenyer,6,3,3,buk,3,1,2
1658,dough,teszta,6,2,4,brum,4,1,3
1659,knead,dagaszt,7,2,5,nge,3,1,2
1660,knead,gyur,4,2,2,nge,3,1,2
1665,knead,dagaszt,7,2,5,brumos,6,2,4
1666,knead,gyur,4,2,2,brumos,6,2,4
1671,meal,liszt,5,1,4,miel,4,2,2
1672,crush,rol,3,1,2,bluan,5,2,3
1673,crush,daral,5,2,3,bluan,5,2,3
1676,mill,malom,5,2,3,muli,4,2,2
1680,meat,hus,3,1,2,mis,3,1,2
1681,sausage,kolbaszfeleseg,14,5,9,koloface,8,4,4
1682,sausage,hurka,5,2,3,koloface,8,4,4
1689,sausage,kolbaszfeleseg,14,5,9,suuk,4,2,2
1690,sausage,hurka,5,2,3,suuk,4,2,2
1697,soup,leves,5,2,3,sup,3,1,2
1701,soup,leves,5,2,3,corb,4,1,3
1705,vegetables,zoldsegfelek,12,4,8,lakra,5,2,3
1709,vegetables,zoldsegfelek,12,4,8,zarzavate,9,4,5
1713,bean,bab,3,1,2,ba,2,1,1
1714,bean,paszuly,7,3,4,ba,2,1,1
1717,bean,bab,3,1,2,fasule,6,3,3
1718,bean,paszuly,7,3,4,fasule,6,3,3
1721,bean,bab,3,1,2,gros,4,1,3
1722,bean,paszuly,7,3,4,gros,4,1,3
1725,potato,burgonya,8,4,4,patate,6,3,3
1726,potato,krumpli,7,2,5,patate,6,3,3
1727,potato,burgonya,8,4,4,kartol,6,2,4
1728,potato,krumpli,7,2,5,kartol,6,2,4
1729,fruit,gyumolcz,8,3,5,frut,4,1,3
1731,fruit,gyumolcz,8,3,5,pem,3,1,2
1733,fig,fuge,4,2,2,fik,3,1,2
1734,grape,szl,3,0,3,ru,2,1,1
1735,olive,olayfa,6,4,2,uli,3,2,1
1736,olive,oliva,5,3,2,uli,3,2,1
1737,oil,olay,4,3,1,vay,3,2,1
1739,salt,so,2,1,1,krip,4,1,3
1740,pepper,bors,4,1,3,piper,5,2,3
1744,honey,mez,3,1,2,myalt,5,2,3
1745,sugar,cukor,5,2,3,seker,5,2,3
1746,milknoun,tey,3,2,1,kumt,4,1,3
1747,milk,fey,3,2,1,myel,4,2,2
1748,cheese,sayt,4,2,2,dya,3,2,1
1750,butter,vay,3,2,1,galp,4,1,3
1751,wine,bor,3,1,2,ver,3,1,2
1752,beer,sor,3,1,2,bir,3,1,2
1753,putonclothes,feloltozik,10,4,6,viset,5,2,3
1754,clothing,ruha,4,2,2,roba,4,2,2
1756,clothing,oltony,6,3,3,roba,4,2,2
1762,clothing,ruha,4,2,2,tesa,4,2,2
1764,clothing,oltony,6,3,3,tesa,4,2,2
1770,tailor,szabo,5,2,3,robakeps,8,3,5
1772,tailor,szabo,5,2,3,prestar,7,2,5
1774,tailor,szabo,5,2,3,terzi,5,2,3
1776,cloth,szovet,6,2,4,plack,5,1,4
1779,cloth,vaszon,6,2,4,plack,5,1,4
1806,cloth,szovet,6,2,4,stof,4,1,3
1809,cloth,vaszon,6,2,4,stof,4,1,3
1836,wool,gyapyu,6,4,2,le,2,1,1
1837,wool,gyapyu,6,4,2,stof,4,1,3
1838,linen,lenvaszon,9,3,6,lino,4,2,2
1840,linen,gyolcz,6,2,4,lino,4,2,2
1842,linen,len,3,1,2,lino,4,2,2
1844,linen,lenvaszon,9,3,6,li,2,1,1
1846,linen,gyolcz,6,2,4,li,2,1,1
1848,linen,len,3,1,2,li,2,1,1
1850,cotton,gyapot,6,3,3,pambuk,6,2,4
1851,cotton,pamut,5,2,3,pambuk,6,2,4
1852,silk,selyem,6,3,3,mndaf,5,1,4
1853,felt,nemez,5,2,3,tirk,4,1,3
1854,felt,filc,4,1,3,tirk,4,1,3
1861,felt,nemez,5,2,3,drstil,6,1,5
1862,felt,filc,4,1,3,drstil,6,1,5
1869,fur,szrme,5,1,4,gzof,4,1,3
1870,fur,prem,4,1,3,gzof,4,1,3
1871,leather,br,2,0,2,lkur,4,1,3
1872,spin,fon,3,1,2,tyer,4,2,2
1874,spin,fon,3,1,2,pezon,5,2,3
1876,spindle,orso,4,2,2,kalam,5,2,3
1877,spindle,orso,4,2,2,bost,4,1,3
1878,weave,sz,2,0,2,end,3,1,2
1880,weave,fon,3,1,2,end,3,1,2
1886,weave,sz,2,0,2,vegon,5,2,3
1888,weave,fon,3,1,2,vegon,5,2,3
1894,weave,sz,2,0,2,prli,4,1,3
1896,weave,fon,3,1,2,prli,4,1,3
1902,weave,sz,2,0,2,indon,5,2,3
1904,weave,fon,3,1,2,indon,5,2,3
1910,loom,szovgep,7,2,5,veg,3,1,2
1911,loom,kotgep,6,2,4,veg,3,1,2
1912,loom,szovgep,7,2,5,tezgah,6,2,4
1913,loom,kotgep,6,2,4,tezgah,6,2,4
1914,loom,szovgep,7,2,5,vegl,4,1,3
1915,loom,kotgep,6,2,4,vegl,4,1,3
1916,sew,varr,4,1,3,kep,3,1,2
1917,needle,tu,2,1,1,gilpr,5,1,4
1918,awl,ar,2,1,1,biz,3,1,2
1919,awl,ar,2,1,1,feme,4,2,2
1920,awl,ar,2,1,1,cimbil,6,2,4
1921,thread,fonal,5,2,3,fil,3,1,2
1922,thread,szal,4,1,3,fil,3,1,2
1923,dye,fest,4,1,3,boy,3,2,1
1927,cloak,pelerin,7,3,4,gun,3,1,2
1928,cloak,kopeny,6,3,3,gun,3,1,2
1937,coat,zako,4,2,2,sako,4,2,2
1938,coat,zako,4,2,2,palto,5,2,3
1939,shirt,ing,3,1,2,kmi,3,1,2
1940,shirt,ing,3,1,2,mitan,5,2,3
1941,collar,galler,6,2,4,yak,3,2,1
1945,skirt,szoknya,7,3,4,fund,4,1,3
1946,skirt,szoknya,7,3,4,fustan,6,2,4
1947,skirt,szoknya,7,3,4,fust,4,1,3
1948,skirt,szoknya,7,3,4,hvr,3,0,3
1949,trousers,nadrag,6,2,4,pantalona,9,4,5
1950,stocking,zokni,5,2,3,corap,5,2,3
1951,stocking,harisnya,8,4,4,corap,5,2,3
1954,shoe,cip,3,1,2,kpuc,4,1,3
1956,boot,czizma,6,2,4,kpucmekafa,10,4,6
1957,boot,czizma,6,2,4,soone,5,3,2
1958,boot,czizma,6,2,4,cizme,5,2,3
1959,shoemaker,cipesz,6,2,4,kpucar,6,2,4
1962,hat,kalap,5,2,3,kapel,5,2,3
1964,hat,sapka,5,2,3,kapel,5,2,3
1974,belt,ov,2,1,1,brez,4,1,3
1980,belt,ov,2,1,1,rip,3,1,2
1986,glove,keszty,6,2,4,dorez,5,2,3
1987,veil,fatyol,6,3,3,vel,3,1,2
1989,veil,fatyol,6,3,3,tis,3,1,2
1991,veil,fatyol,6,3,3,harkat,6,2,4
1993,pocket,zseb,4,1,3,ep,2,1,1
1994,button,gomb,4,1,3,kops,4,1,3
1995,button,gomb,4,1,3,paft,4,1,3
1996,button,gomb,4,1,3,pul,3,1,2
1997,button,gomb,4,1,3,komc,4,1,3
1998,pin,gombost,7,2,5,gilpr,5,1,4
2000,ornament,disz,4,1,3,stoli,5,2,3
2002,ornament,disz,4,1,3,zbukurim,8,3,5
2004,jewel,ekszer,6,2,4,evahir,6,3,3
2006,ringforfinger,gyr,3,1,2,unaz,4,2,2
2007,bracelet,karkot,6,2,4,buluzuko,8,4,4
2008,bracelet,karkot,6,2,4,beleik,6,3,3
2009,necklace,nyakek,6,3,3,gerdan,6,2,4
2011,necklace,nyaklanc,8,3,5,gerdan,6,2,4
2021,necklace,nyakek,6,3,3,gusore,6,3,3
2023,necklace,nyaklanc,8,3,5,gusore,6,3,3
2033,necklace,nyakek,6,3,3,kafore,6,3,3
2035,necklace,nyaklanc,8,3,5,kafore,6,3,3
2045,handkerchief,zsebkend,8,2,6,sami,4,2,2
2049,towel,kend,4,1,3,peskir,6,2,4
2051,towel,szalveta,8,3,5,peskir,6,2,4
2053,towel,kend,4,1,3,pasnik,6,2,4
2055,towel,szalveta,8,3,5,pasnik,6,2,4
2057,towel,kend,4,1,3,havli,5,2,3
2059,towel,szalveta,8,3,5,havli,5,2,3
2061,comb,fes,3,1,2,krehr,5,1,4
2062,brush,kefe,4,2,2,furc,4,1,3
2063,razor,borotva,7,3,4,brisk,5,1,4
2064,ointment,kencz,5,1,4,pomad,5,2,3
2066,ointment,krem,4,1,3,pomad,5,2,3
2076,soap,szappan,7,2,5,sapun,5,2,3
2077,mirror,tukor,5,2,3,paskur,6,2,4
2078,dwell,lakik,5,2,3,banon,5,2,3
2080,dwell,el,2,1,1,banon,5,2,3
2086,house,haz,3,1,2,stpi,4,1,3
2088,house,haz,3,1,2,spi,3,1,2
2090,hut,kunyho,6,3,3,kolibe,6,3,3
2092,hut,visko,5,2,3,kolibe,6,3,3
2094,hut,vityillo,8,4,4,kolibe,6,3,3
2102,hut,kunyho,6,3,3,kasole,6,3,3
2104,hut,visko,5,2,3,kasole,6,3,3
2106,hut,vityillo,8,4,4,kasole,6,3,3
2114,tent,sator,5,2,3,cadr,4,1,3
2116,yard,udvar,5,2,3,obor,4,2,2
2117,room,szoba,5,2,3,om,2,1,1
2119,room,szoba,5,2,3,od,2,1,1
2121,door,ayto,4,3,1,der,3,1,2
2123,door,kapu,4,2,2,der,3,1,2
2137,door,ayto,4,3,1,port,4,1,3
2139,door,kapu,4,2,2,port,4,1,3
2153,locknoun,zar,3,1,2,brav,4,1,3
2154,locknoun,lakat,5,2,3,brav,4,1,3
2159,key,kulcz,5,1,4,ku,2,1,1
2160,key,kulcz,5,1,4,cels,4,1,3
2161,window,ablak,5,2,3,dritare,7,3,4
2162,window,ablak,5,2,3,penere,6,3,3
2163,floor,padlo,5,2,3,dueme,5,3,2
2165,wall,fal,3,1,2,mur,3,1,2
2167,fireplace,kandallo,8,3,5,vatr,4,1,3
2169,fireplace,tzhely,6,2,4,vatr,4,1,3
2175,stove,tzhely,6,2,4,sob,3,1,2
2176,stove,kalyha,6,3,3,sob,3,1,2
2177,stove,tzhely,6,2,4,stuf,4,1,3
2178,stove,kalyha,6,3,3,stuf,4,1,3
2179,chimney,cz,2,0,2,oak,3,2,1
2180,bed,agy,3,2,1,krevat,6,2,4
2181,bed,agy,3,2,1,strat,5,1,4
2182,chair,szek,4,1,3,karige,6,3,3
2183,table,asztal,6,2,4,truez,5,2,3
2184,table,asztal,6,2,4,trapez,6,2,4
2185,table,asztal,6,2,4,tavolin,7,3,4
2186,lamp,lampa,5,2,3,lamb,4,1,3
2188,lamp,lampa,5,2,3,flug,4,1,3
2190,candle,gyertya,7,4,3,kiri,4,2,2
2191,candle,gyertya,7,4,3,cirak,5,2,3
2192,farmer,foldmves,8,2,6,buyk,4,2,2
2194,farmer,paraszt,7,2,5,buyk,4,2,2
2204,fieldforcultivation,szantofold,10,3,7,ar,2,1,1
2205,garden,kert,4,1,3,bastin,6,2,4
2206,garden,gyumolczos,10,4,6,bastin,6,2,4
2207,garden,kert,4,1,3,kopst,5,1,4
2208,garden,gyumolczos,10,4,6,kopst,5,1,4
2209,garden,kert,4,1,3,bahce,5,2,3
2210,garden,gyumolczos,10,4,6,bahce,5,2,3
2211,cultivate,megmvel,7,2,5,lvron,5,1,4
2214,cultivate,megmvel,7,2,5,lron,4,1,3
2217,plow,felszant,8,2,6,punon,5,2,3
2225,plow,felszant,8,2,6,lron,4,1,3
2233,furrow,barazda,7,3,4,brazd,5,1,4
2234,furrow,barazda,7,3,4,trap,4,1,3
2235,furrow,barazda,7,3,4,huli,4,2,2
2236,dig,felas,5,2,3,grmih,5,1,4
2237,dig,felas,5,2,3,grmon,5,1,4
2238,spade,aso,3,2,1,bel,3,1,2
2241,spade,aso,3,2,1,lopat,5,2,3
2244,shovel,lapat,5,2,3,lopat,5,2,3
2245,shovel,lapat,5,2,3,kurek,5,2,3
2246,hoe,kapa,4,2,2,sat,3,1,2
2247,hoe,kapa,4,2,2,kep,3,1,2
2248,rake,gereblye,8,4,4,grabuy,6,3,3
2250,rake,gereblye,8,4,4,bran,4,1,3
2252,rake,gereblye,8,4,4,raskel,6,2,4
2254,mow,learat,6,3,3,kor,3,1,2
2256,mow,lekaszal,8,3,5,kor,3,1,2
2262,mow,learat,6,3,3,kosit,5,2,3
2264,mow,lekaszal,8,3,5,kosit,5,2,3
2270,sickle,sarlo,5,2,3,drapr,5,1,4
2272,sickle,kasza,5,2,3,drapr,5,1,4
2278,sickle,sarlo,5,2,3,kos,3,1,2
2280,sickle,kasza,5,2,3,kos,3,1,2
2286,sickle,sarlo,5,2,3,harkore,7,3,4
2288,sickle,kasza,5,2,3,harkore,7,3,4
2294,thresh,kiczepel,8,3,5,sin,3,1,2
2295,threshingfloor,szerskert,9,2,7,lm,2,0,2
2297,crop,aratas,6,3,3,bereket,7,3,4
2299,crop,termes,6,2,4,bereket,7,3,4
2301,crop,aratas,6,3,3,bim,3,1,2
2303,crop,termes,6,2,4,bim,3,1,2
2305,grainbarley,gabona,6,3,3,dri,3,1,2
2306,grainbarley,termeny,7,3,4,dri,3,1,2
2307,wheat,buza,4,2,2,grur,4,1,3
2309,barley,arpa,4,2,2,elb,3,1,2
2311,rye,rozs,4,1,3,ekr,3,1,2
2312,oats,zab,3,1,2,trr,3,0,3
2313,maize,kukorica,8,4,4,misr,4,1,3
2314,rice,rizs,4,1,3,oriz,4,2,2
2315,grass,f,1,0,1,bar,3,1,2
2316,hay,szena,5,2,3,san,3,1,2
2317,plantnoun,noveny,6,3,3,bim,3,1,2
2319,root,gyoker,6,3,3,r,1,0,1
2320,root,t,1,0,1,r,1,0,1
2321,branch,ag,2,1,1,deg,3,1,2
2323,leaf,falevel,7,3,4,flet,4,1,3
2324,leaf,lomb,4,1,3,flet,4,1,3
2327,leaf,falevel,7,3,4,ge,2,1,1
2328,leaf,lomb,4,1,3,ge,2,1,1
2331,flower,virag,5,2,3,lule,4,2,2
2332,oak,tolgyfa,7,3,4,dusk,4,1,3
2333,oak,tolgyfa,7,3,4,lis,3,1,2
2334,beech,bukkfa,6,2,4,ah,2,1,1
2336,birch,nyirfa,6,3,3,mtekn,5,1,4
2337,pine,erdeifeny,9,5,4,pis,3,1,2
2338,fir,luceny,6,3,3,bre,3,1,2
2339,acorn,makk,4,1,3,ehul,4,2,2
2340,acorn,makk,4,1,3,lende,5,2,3
2341,vine,szl,3,0,3,gaore,5,3,2
2342,vine,szl,3,0,3,dree,4,2,2
2343,vine,szl,3,0,3,loze,4,2,2
2344,vine,szl,3,0,3,ri,2,1,1
2345,tobacco,dohany,6,3,3,duhan,5,2,3
2346,smoketobacco,dohanyzik,9,4,5,piduhan,7,3,4
2347,do,tesz,4,1,3,bn,2,0,2
2348,do,czinal,6,2,4,bn,2,0,2
2349,do,keszit,6,2,4,bn,2,0,2
2353,work,dolgozik,8,3,5,punon,5,2,3
2356,bend,haylit,6,3,3,ep,2,1,1
2362,bend,haylit,6,3,3,lakon,5,2,3
2368,fold,haytogat,8,4,4,uen,3,2,1
2371,fold,haytogat,8,4,4,palos,5,2,3
2374,tie,kot,3,1,2,li,2,1,1
2375,chain,lanc,4,1,3,varg,4,1,3
2376,chain,lanc,4,1,3,vng,3,0,3
2377,chain,lanc,4,1,3,zinir,5,2,3
2378,rope,kotel,5,2,3,litar,5,2,3
2387,rope,kotel,5,2,3,konop,5,2,3
2396,knotnoun,czomo,5,2,3,nuy,3,2,1
2397,knotnoun,czomo,5,2,3,ung,3,1,2
2398,knotnoun,czomo,5,2,3,kotk,4,1,3
2399,strikehit,ut,2,1,1,reh,3,1,2
2401,strikehit,ver,3,1,2,reh,3,1,2
2403,strikehit,czap,4,1,3,reh,3,1,2
2411,strikehit,ut,2,1,1,godet,5,2,3
2413,strikehit,ver,3,1,2,godet,5,2,3
2415,strikehit,czap,4,1,3,godet,5,2,3
2423,cut,elvag,5,2,3,pret,4,1,3
2424,scissors,ollo,4,2,2,grer,4,1,3
2426,ax,balta,5,2,3,spat,4,1,3
2428,ax,feysze,6,3,3,spat,4,1,3
2430,break,eltor,5,2,3,pris,4,1,3
2436,split,elhasit,7,3,4,cahet,5,2,3
2437,split,feloszta,8,3,5,cahet,5,2,3
2438,split,elhasada,8,4,4,cahet,5,2,3
2442,tear,tep,3,1,2,skuen,5,2,3
2444,tear,tep,3,1,2,cye,3,2,1
2446,tear,tep,3,1,2,ske,3,1,2
2448,flay,megnyuz,7,3,4,zve,3,1,2
2449,flay,lehant,6,2,4,zve,3,1,2
2450,rub,dorzol,6,2,4,frkon,5,1,4
2452,stretch,megnyuyt,8,4,4,tendos,6,2,4
2454,stretch,megnyuyt,8,4,4,ngreh,5,1,4
2456,stretch,megnyuyt,8,4,4,nden,4,1,3
2458,pull,huz,3,1,2,hek,3,1,2
2459,spreadout,leterit,7,3,4,nden,4,1,3
2461,spreadout,leterit,7,3,4,strin,5,1,4
2463,spreadout,leterit,7,3,4,cakit,5,2,3
2465,press,megnyom,7,3,4,skel,4,1,3
2466,press,megszorit,9,3,6,skel,4,1,3
2469,pour,ont,3,1,2,der,3,1,2
2471,pour,omlik,5,2,3,der,3,1,2
2477,wash,mos,3,1,2,lan,3,1,2
2481,sweep,sopor,5,2,3,fsin,4,1,3
2482,sweep,elsodor,7,3,4,fsin,4,1,3
2483,broom,sepr,4,1,3,fses,4,1,3
2484,broom,rekettye,8,4,4,fses,4,1,3
2485,tool,szerszam,8,2,6,vegl,4,1,3
2486,carpenter,acz,3,1,2,marangoz,8,3,5
2490,carpenter,acz,3,1,2,zdruktar,8,2,6
2494,build,epit,4,2,2,ndrton,6,1,5
2498,build,epit,4,2,2,godit,5,2,3
2502,bore,fur,3,1,2,biron,5,2,3
2504,bore,fur,3,1,2,brimon,6,2,4
2506,bore,fur,3,1,2,spon,4,1,3
2508,saw,fresz,5,1,4,sar,3,1,2
2509,hammer,kalapacz,8,3,5,ceki,4,2,2
2510,hammer,kalapacz,8,3,5,cekan,5,2,3
2511,nail,szeg,4,1,3,gozd,4,1,3
2513,smith,kovacz,6,2,4,farktar,7,2,5
2515,smith,kovacz,6,2,4,kovac,5,2,3
2517,forge,kovaczol,8,3,5,fark,4,1,3
2519,anvil,ull,3,1,2,kur,3,1,2
2520,anvil,ull,3,1,2,ku,2,1,1
2521,castmetals,ont,3,1,2,der,3,1,2
2523,gold,arany,5,3,2,ar,2,1,1
2524,silver,ezust,5,2,3,argend,6,2,4
2525,silver,ezust,5,2,3,serm,4,1,3
2526,copper,vorosrez,8,3,5,bakr,4,1,3
2529,copper,bronz,5,1,4,bakr,4,1,3
2544,copper,vorosrez,8,3,5,bronz,5,1,4
2547,copper,bronz,5,1,4,bronz,5,1,4
2562,iron,vas,3,1,2,hekur,5,2,3
2563,leadnoun,olom,4,2,2,plumb,5,1,4
2564,tin,on,2,1,1,kalay,5,3,2
2570,tin,on,2,1,1,teneke,6,3,3
2576,potter,fazekas,7,3,4,vegcar,6,2,4
2577,potter,fazekas,7,3,4,pocar,5,2,3
2578,potter,fazekas,7,3,4,stambar,7,2,5
2579,potter,fazekas,7,3,4,vorbar,6,2,4
2580,clay,agyag,5,3,2,glin,4,1,3
2586,clay,agyag,5,3,2,kaist,5,2,3
2592,clay,agyag,5,3,2,deltin,6,2,4
2598,clay,agyag,5,3,2,argil,5,2,3
2604,glass,uveg,4,2,2,kelk,4,1,3
2605,glass,uveg,4,2,2,am,2,1,1
2606,basket,kosar,5,2,3,sport,5,1,4
2608,basket,kosar,5,2,3,kos,3,1,2
2610,carve,farag,5,2,3,gend,4,1,3
2613,carve,farag,5,2,3,skalit,6,2,4
2616,sculptor,szobrasz,8,2,6,gends,5,1,4
2618,sculptor,szobrasz,8,2,6,skulptor,8,2,6
2620,sculptor,szobrasz,8,2,6,daltues,7,3,4
2622,statue,szobor,6,2,4,statore,7,3,4
2624,statue,szobor,6,2,4,statuy,6,3,3
2626,chisel,ves,3,1,2,dalt,4,1,3
2627,paintnoun,szin,4,1,3,boyngurk,8,3,5
2628,paintnoun,festek,6,2,4,boyngurk,8,3,5
2629,paint,fest,4,1,3,boyatis,7,4,3
2631,paint,mazol,5,2,3,boyatis,7,4,3
2637,move,mozdit,6,2,4,lviz,4,1,3
2639,move,mozdit,6,2,4,ecn,3,1,2
2641,turnover,megfordul,9,3,6,prmbus,6,1,5
2642,turnover,felborit,8,3,5,prmbus,6,1,5
2647,turnaround,megfordit,9,3,6,rotulon,7,3,4
2648,turnaround,megfordit,9,3,6,kehet,5,2,3
2649,roll,felczavar,9,3,6,rotulon,7,3,4
2650,roll,gordul,6,2,4,rotulon,7,3,4
2653,rise,felszall,8,2,6,ngrihet,7,2,5
2655,rise,felkel,6,2,4,ngrihet,7,2,5
2665,raise,emel,4,2,2,ngreh,5,1,4
2670,fall,esik,4,2,2,bie,3,2,1
2671,fall,esik,4,2,2,ra,2,1,1
2672,fall,esik,4,2,2,rzohet,6,2,4
2673,drip,czepereg,8,3,5,pikon,5,2,3
2675,throw,dob,3,1,2,he,2,1,1
2676,throw,vet,3,1,2,he,2,1,1
2677,throw,dob,3,1,2,flak,4,1,3
2678,throw,vet,3,1,2,flak,4,1,3
2679,shake,raz,3,1,2,skund,5,1,4
2684,shake,raz,3,1,2,suk,3,1,2
2689,shake,raz,3,1,2,tund,4,1,3
2694,flow,folyik,6,3,3,rye,3,2,1
2695,flow,omlik,5,2,3,rye,3,2,1
2698,flow,folyik,6,3,3,zbraz,5,1,4
2699,flow,omlik,5,2,3,zbraz,5,1,4
2702,sink,beft,4,1,3,fundos,6,2,4
2703,sink,beft,4,1,3,mbut,4,1,3
2704,sink,beft,4,1,3,zdrupet,7,2,5
2705,float,uszik,5,2,3,pluskon,7,2,5
2706,float,furdik,6,2,4,pluskon,7,2,5
2709,float,uszik,5,2,3,fluskon,7,2,5
2710,float,furdik,6,2,4,fluskon,7,2,5
2713,swim,uszik,5,2,3,noton,5,2,3
2715,blow,fuy,3,2,1,frun,4,1,3
2718,creep,maszik,6,2,4,zvaritet,8,3,5
2719,creep,kuszik,6,2,4,zvaritet,8,3,5
2722,creep,maszik,6,2,4,zargohet,8,3,5
2723,creep,kuszik,6,2,4,zargohet,8,3,5
2726,slide,besurran,8,3,5,sket,4,1,3
2728,slide,besurran,8,3,5,rket,4,1,3
2730,jump,ugrik,5,2,3,hiet,4,2,2
2731,jump,ugrik,5,2,3,krcen,5,1,4
2732,dance,tancol,6,2,4,krcen,5,1,4
2736,dance,tancol,6,2,4,valon,5,2,3
2740,walk,setal,5,2,3,ecn,3,1,2
2742,walk,megy,4,2,2,ecn,3,1,2
2748,walk,setal,5,2,3,mkmbet,6,1,5
2750,walk,megy,4,2,2,mkmbet,6,1,5
2756,run,fut,3,1,2,bre,3,1,2
2757,run,szalad,6,2,4,bre,3,1,2
2760,run,fut,3,1,2,vrapon,6,2,4
2761,run,szalad,6,2,4,vrapon,6,2,4
2764,run,fut,3,1,2,rend,4,1,3
2765,run,szalad,6,2,4,rend,4,1,3
2768,go,megy,4,2,2,skon,4,1,3
2770,go,lesz,4,1,3,skon,4,1,3
2776,go,megy,4,2,2,vete,4,2,2
2778,go,lesz,4,1,3,vete,4,2,2
2784,come,yon,3,2,1,vyen,4,2,2
2785,come,megy,4,2,2,vyen,4,2,2
2786,come,kerul,5,2,3,vyen,4,2,2
2787,goaway,elmegy,6,3,3,ikn,3,1,2
2788,goaway,eltavozik,9,4,5,ikn,3,1,2
2791,flee,elmenekul,9,4,5,aratiset,8,4,4
2792,flee,elfut,5,2,3,aratiset,8,4,4
2795,follow,kovet,5,2,3,ndyek,5,2,3
2796,pursue,uldoz,5,2,3,ndyek,5,2,3
2798,pursue,uldoz,5,2,3,pilohet,7,3,4
2800,reach,erkezik,7,3,4,arin,4,2,2
2802,reach,yon,3,2,1,arin,4,2,2
2812,approach,kozeledik,9,4,5,afrohet,7,3,4
2813,enter,beyon,5,3,2,hun,3,1,2
2814,enter,bemegy,6,3,3,hun,3,1,2
2815,enter,beyon,5,3,2,futet,5,2,3
2816,enter,bemegy,6,3,3,futet,5,2,3
2817,carrybear,hord,4,1,3,mban,4,1,3
2819,carrybear,hord,4,1,3,mbart,5,1,4
2821,bring,hoz,3,1,2,syel,4,2,2
2823,bring,hoz,3,1,2,bie,3,2,1
2825,lead,vezet,5,2,3,prin,4,1,3
2827,lead,vezet,5,2,3,uhek,4,2,2
2829,drive,vezet,5,2,3,con,3,1,2
2831,drive,hayt,4,2,2,con,3,1,2
2833,drive,vezet,5,2,3,nget,4,1,3
2835,drive,hayt,4,2,2,nget,4,1,3
2837,ride,lovagol,7,3,4,kalon,5,2,3
2841,push,elhalaszt,9,3,6,stun,4,1,3
2843,push,lok,3,1,2,stun,4,1,3
2845,road,ut,2,1,1,rug,3,1,2
2847,road,ut,2,1,1,u,1,1,0
2849,path,ut,2,1,1,steg,4,1,3
2850,path,osveny,6,3,3,steg,4,1,3
2853,path,ut,2,1,1,u,1,1,0
2854,path,osveny,6,3,3,u,1,1,0
2857,path,ut,2,1,1,rav,3,1,2
2858,path,osveny,6,3,3,rav,3,1,2
2861,bridge,hid,3,1,2,ur,2,1,1
2862,carriage,koczi,5,2,3,karoc,5,2,3
2865,carriage,hinto,5,2,3,karoc,5,2,3
2868,carriage,vagon,5,2,3,karoc,5,2,3
2889,carriage,koczi,5,2,3,kee,3,2,1
2892,carriage,hinto,5,2,3,kee,3,2,1
2895,carriage,vagon,5,2,3,kee,3,2,1
2916,carriage,koczi,5,2,3,karo,4,2,2
2919,carriage,hinto,5,2,3,karo,4,2,2
2922,carriage,vagon,5,2,3,karo,4,2,2
2943,wheel,kerek,5,2,3,rot,3,1,2
2944,axle,tengely,7,3,4,aks,3,1,2
2945,axle,tengely,7,3,4,bost,4,1,3
2946,yoke,yarom,5,3,2,zge,3,1,2
2947,yoke,iga,3,2,1,zge,3,1,2
2952,ship,hayo,4,3,1,aniye,5,4,1
2953,boat,czonak,6,2,4,vark,4,1,3
2955,boat,czonak,6,2,4,bark,4,1,3
2957,boat,czonak,6,2,4,lundr,5,1,4
2959,raft,tutay,5,3,2,trap,4,1,3
2960,raft,tutay,5,3,2,args,4,1,3
2961,raft,tutay,5,3,2,parom,5,2,3
2962,oar,evez,4,2,2,lugat,5,2,3
2966,oar,evez,4,2,2,rem,3,1,2
2970,oar,evez,4,2,2,palamar,7,3,4
2974,rudder,kormany,7,3,4,timon,5,2,3
2976,mast,arboc,5,2,3,sulic,5,2,3
2977,mast,arboc,5,2,3,direk,5,2,3
2978,mast,arboc,5,2,3,albur,5,2,3
2979,sailnoun,vitorla,7,3,4,vel,3,1,2
2980,sailnoun,vitorla,7,3,4,plhur,5,1,4
2981,anchor,horgony,7,3,4,spiranc,7,2,5
2982,anchor,horgony,7,3,4,kan,3,1,2
2983,harbor,kikot,5,2,3,liman,5,2,3
2984,harbor,kikot,5,2,3,port,4,1,3
2985,harbor,kikot,5,2,3,skel,4,1,3
2986,have,van,3,1,2,ka,2,1,1
2987,own,birtokol,8,3,5,zotaron,7,3,4
2989,take,vesz,4,1,3,mer,3,1,2
2990,take,vesz,4,1,3,z,1,0,1
2991,seize,elegend,7,3,4,kap,3,1,2
2997,seize,elegend,7,3,4,rok,3,1,2
3003,seize,elegend,7,3,4,prfin,5,1,4
3009,hold,tart,4,1,3,mban,4,1,3
3010,get,megkap,6,2,4,mer,3,1,2
3012,get,megkap,6,2,4,fiton,5,2,3
3014,keep,gondoz,6,2,4,mban,4,1,3
3015,keep,tart,4,1,3,mban,4,1,3
3016,keep,rendelkezik,11,4,7,mban,4,1,3
3020,keep,gondoz,6,2,4,ruan,4,2,2
3021,keep,tart,4,1,3,ruan,4,2,2
3022,keep,rendelkezik,11,4,7,ruan,4,2,2
3026,give,ad,2,1,1,yep,3,2,1
3027,give,yuttat,6,3,3,yep,3,2,1
3028,giveback,viszszad,8,2,6,ken,3,1,2
3029,preserve,riz,3,1,2,ruan,4,2,2
3032,save,ov,2,1,1,spton,5,1,4
3034,save,ved,3,1,2,spton,5,1,4
3036,destroy,elpusztit,9,3,6,pris,4,1,3
3037,destroy,tonkretesz,10,3,7,pris,4,1,3
3038,harm,art,3,1,2,dmton,5,1,4
3042,harm,art,3,1,2,vret,4,1,3
3046,seek,keres,5,2,3,krkon,5,1,4
3048,find,megtalal,8,3,5,gen,3,1,2
3050,lose,elveszit,8,3,5,humb,4,1,3
3052,release,elereszt,8,3,5,lon,3,1,2
3053,money,penz,4,1,3,para,4,2,2
3057,coin,ercpenz,7,2,5,mone,4,2,2
3059,rich,gazdag,6,2,4,ibegatsm,8,3,5
3060,rich,gazdag,6,2,4,ipasur,6,3,3
3061,rich,gazdag,6,2,4,zengin,6,2,4
3062,poor,szegeny,7,3,4,fukara,6,3,3
3063,beggar,koldus,6,2,4,lups,4,1,3
3064,avaricious,onz,3,1,2,koprac,6,2,4
3067,avaricious,kapzsi,6,2,4,koprac,6,2,4
3094,avaricious,onz,3,1,2,saraf,5,2,3
3097,avaricious,kapzsi,6,2,4,saraf,5,2,3
3124,avaricious,onz,3,1,2,cingun,6,2,4
3127,avaricious,kapzsi,6,2,4,cingun,6,2,4
3154,lend,itel,4,2,2,yephua,6,4,2
3156,lend,itel,4,2,2,yepbor,6,3,3
3158,lend,itel,4,2,2,huan,4,2,2
3160,borrow,elfolgal,8,3,5,merhua,6,3,3
3162,borrow,elfolgal,8,3,5,huazon,6,3,3
3164,owe,tartozik,8,3,5,deturohet,9,4,5
3165,debt,adossag,7,3,4,bor,3,1,2
3166,debt,adossag,7,3,4,deturim,7,3,4
3167,pay,fizet,5,2,3,paguan,6,3,3
3169,account,szamla,6,2,4,logari,6,3,3
3173,tax,fizetes,7,3,4,tagr,4,1,3
3175,tax,diy,3,2,1,tagr,4,1,3
3181,tax,fizetes,7,3,4,harac,5,2,3
3183,tax,diy,3,2,1,harac,5,2,3
3189,hire,kiberel,7,3,4,payton,6,3,3
3190,hire,felfogad,8,3,5,payton,6,3,3
3191,hire,kiberel,7,3,4,angazon,7,3,4
3192,hire,felfogad,8,3,5,angazon,7,3,4
3193,wages,fizetes,7,3,4,pag,3,1,2
3195,wages,ber,3,1,2,pag,3,1,2
3201,earn,keres,5,2,3,fiton,5,2,3
3202,earn,keres,5,2,3,z,1,0,1
3203,earn,keres,5,2,3,kit,3,1,2
3204,buy,vasarol,7,3,4,blen,4,1,3
3205,sell,elad,4,2,2,set,3,1,2
3206,trade,kereskedik,10,4,6,kmben,5,1,4
3209,trade,kereskedik,10,4,6,tregton,7,2,5
3212,trade,kereskedik,10,4,6,treg,4,1,3
3215,merchant,keresked,8,3,5,tregtar,7,2,5
3217,marketplace,vasar,5,2,3,treg,4,1,3
3218,marketplace,piac,4,2,2,treg,4,1,3
3221,marketplace,vasar,5,2,3,pazar,5,2,3
3222,marketplace,piac,4,2,2,pazar,5,2,3
3225,store,bolt,4,1,3,dukan,5,2,3
3227,store,kereskedes,10,4,6,dukan,5,2,3
3229,store,uzlet,5,2,3,dukan,5,2,3
3231,price,ar,2,1,1,cmim,4,1,3
3232,price,ar,2,1,1,pyac,4,2,2
3233,dearcostly,draga,5,2,3,istret,6,2,4
3234,cheap,olczo,5,2,3,ilir,4,2,2
3235,cheap,olczo,5,2,3,badihava,8,4,4
3236,place,hely,4,2,2,vend,4,1,3
3237,place,ter,3,1,2,vend,4,1,3
3242,put,tesz,4,1,3,v,1,0,1
3244,put,helyez,6,3,3,v,1,0,1
3250,put,tesz,4,1,3,vendos,6,2,4
3252,put,helyez,6,3,3,vendos,6,2,4
3258,sit,ul,2,1,1,ulet,4,2,2
3259,liedown,fekszik,7,2,5,strohet,7,2,5
3261,stand,all,3,1,2,kndron,6,1,5
3263,stand,all,3,1,2,ngrihet,7,2,5
3265,remain,marad,5,2,3,ri,2,1,1
3267,remain,marad,5,2,3,mbet,4,1,3
3269,remains,maradekek,9,4,5,fundra,6,2,4
3270,remains,maradekek,9,4,5,mbetz,5,1,4
3271,collect,oszszegyyt,10,4,6,mble,4,1,3
3273,collect,oszszeszed,10,3,7,mble,4,1,3
3279,join,egyesul,7,4,3,baskon,6,2,4
3281,join,gyl,3,1,2,baskon,6,2,4
3287,separate,elvalaszt,9,3,6,ndan,4,1,3
3291,separate,elvalaszt,9,3,6,vecon,5,2,3
3295,divide,eloszt,6,2,4,pyeston,7,3,4
3297,open,nyit,4,2,2,hap,3,1,2
3298,shut,zar,3,1,2,mbul,4,1,3
3299,shut,czuk,4,1,3,mbul,4,1,3
3300,cover,befed,5,2,3,mbulon,6,2,4
3301,cover,bevon,5,2,3,mbulon,6,2,4
3302,hide,reyteget,8,4,4,fseh,4,1,3
3303,hide,fed,3,1,2,fseh,4,1,3
3314,high,magas,5,2,3,lart,4,1,3
3317,low,alaczony,8,4,4,iult,4,2,2
3319,top,czucz,5,1,4,kulm,4,1,3
3321,top,tetpont,7,2,5,kulm,4,1,3
3323,top,czucz,5,1,4,may,3,2,1
3325,top,tetpont,7,2,5,may,3,2,1
3327,bottom,fenek,5,2,3,fund,4,1,3
3328,bottom,fenek,5,2,3,strat,5,1,4
3329,bottom,fenek,5,2,3,baz,3,1,2
3330,end,veg,3,1,2,fund,4,1,3
3331,end,veg,3,1,2,mbarim,6,2,4
3332,end,veg,3,1,2,sos,3,1,2
3333,pointed,eles,4,2,2,iepisur,7,4,3
3336,pointed,eles,4,2,2,iept,4,2,2
3339,edge,hegy,4,2,2,kufi,4,2,2
3341,edge,ele,3,2,1,kufi,4,2,2
3351,edge,hegy,4,2,2,buz,3,1,2
3353,edge,ele,3,2,1,buz,3,1,2
3363,edge,hegy,4,2,2,skay,4,2,2
3365,edge,ele,3,2,1,skay,4,2,2
3375,edge,hegy,4,2,2,an,2,1,1
3377,edge,ele,3,2,1,an,2,1,1
3387,side,oldal,5,2,3,an,2,1,1
3388,middle,kozeps,6,2,4,mes,3,1,2
3389,middle,kozpont,7,2,5,mes,3,1,2
3392,middle,kozeps,6,2,4,kriz,4,1,3
3393,middle,kozpont,7,2,5,kriz,4,1,3
3396,middle,kozeps,6,2,4,kendr,5,1,4
3397,middle,kozpont,7,2,5,kendr,5,1,4
3400,rightside,yobb,4,2,2,anaedreyt,9,5,4
3403,leftside,bal,3,1,2,anaemayt,8,5,3
3406,nearadv,kozelben,8,3,5,afr,3,1,2
3408,faradv,meszsze,7,2,5,larg,4,1,3
3409,faradv,tavol,5,2,3,larg,4,1,3
3412,east,kelet,5,2,3,lindye,6,3,3
3414,west,nyugat,6,3,3,perndi,6,2,4
3416,north,eszak,5,2,3,veri,4,2,2
3417,south,del,3,1,2,yug,3,2,1
3418,grow,n,1,0,1,ritet,5,2,3
3424,measure,mer,3,1,2,mat,3,1,2
3428,large,nagy,4,2,2,ima,3,2,1
3429,small,kis,3,1,2,ivogl,5,2,3
3430,long,hoszszu,7,2,5,igat,4,2,2
3431,short,rovid,5,2,3,iskurtr,7,2,5
3433,wide,szeles,6,2,4,iger,4,2,2
3434,narrow,szk,3,0,3,ingust,6,2,4
3436,narrow,keskeny,7,3,4,ingust,6,2,4
3438,thickindimension,vastag,6,2,4,itras,5,2,3
3439,thinindimension,vekony,6,3,3,iat,3,2,1
3440,thinindimension,vekony,6,3,3,ihol,4,2,2
3441,deep,mely,4,2,2,iel,3,2,1
3442,shallow,apro,4,2,2,icekt,5,2,3
3443,flat,sik,3,1,2,iset,4,2,2
3445,flat,sik,3,1,2,iraft,5,2,3
3447,flat,sik,3,1,2,istruar,7,3,4
3449,straight,egyenes,7,4,3,idreyt,6,3,3
3450,crooked,gorbe,5,2,3,istrembr,8,2,6
3451,crooked,ferde,5,2,3,istrembr,8,2,6
3456,hook,kampo,5,2,3,kan,3,1,2
3458,hook,kampo,5,2,3,grep,4,1,3
3460,corner,sarok,5,2,3,cep,3,1,2
3461,corner,sarok,5,2,3,koe,3,2,1
3462,cross,kereszt,7,2,5,kruk,4,1,3
3463,square,negyzet,7,3,4,katror,6,2,4
3465,round,kerek,5,2,3,rotulak,7,3,4
3466,round,kerek,5,2,3,rumbulak,8,3,5
3467,round,kerek,5,2,3,irotult,7,3,4
3468,circle,kor,3,1,2,re,2,1,1
3469,circle,kor,3,1,2,kark,4,1,3
3470,sphere,labda,5,2,3,ruzul,5,2,3
3474,sphere,labda,5,2,3,sfer,4,1,3
3478,hole,lyuk,4,2,2,vrim,4,1,3
3479,hole,res,3,1,2,vrim,4,1,3
3480,hole,lyuk,4,2,2,grop,4,1,3
3481,hole,res,3,1,2,grop,4,1,3
3482,hole,lyuk,4,2,2,birz,4,1,3
3483,hole,res,3,1,2,birz,4,1,3
3484,like,ugyanolyan,10,6,4,ingam,5,2,3
3485,like,hasonlo,7,3,4,ingam,5,2,3
3488,change,valtozas,8,3,5,ndon,4,1,3
3489,change,valt,4,1,3,ndon,4,1,3
3496,every,minden,6,2,4,cdo,3,1,2
3499,every,mind,4,1,3,cdo,3,1,2
3508,much,sok,3,1,2,sum,3,1,2
3509,more,tobb,4,1,3,m,1,0,1
3510,littlequantity,keves,5,2,3,pak,3,1,2
3511,littlequantity,valami,6,3,3,pak,3,1,2
3514,enough,alaposan,8,4,4,myaft,5,2,3
3515,enough,nagyon,6,3,3,myaft,5,2,3
3516,multitude,sokasag,7,3,4,sumic,5,2,3
3518,multitude,tomeg,5,2,3,sumic,5,2,3
3524,full,telt,4,1,3,plot,4,1,3
3525,empty,ures,4,2,2,bos,3,1,2
3527,part,resz,4,1,3,pyes,4,2,2
3529,half,fel,3,1,2,gusm,4,1,3
3530,alone,egyedul,7,4,3,ivetm,5,2,3
3533,alone,czak,4,1,3,ivetm,5,2,3
3536,alone,czupan,6,2,4,ivetm,5,2,3
3557,alone,egyedul,7,4,3,vetm,4,1,3
3560,alone,czak,4,1,3,vetm,4,1,3
3563,alone,czupan,6,2,4,vetm,4,1,3
3584,first,els,3,1,2,ipar,4,2,2
3585,last,utolso,6,3,3,ifundit,7,3,4
3587,last,bir,3,1,2,ifundit,7,3,4
3593,last,utolso,6,3,3,duron,5,2,3
3595,last,bir,3,1,2,duron,5,2,3
3601,third,harmadik,8,3,5,itret,5,2,3
3602,threetimes,haromzor,8,3,5,triher,6,2,4
3604,time,id,2,1,1,koh,3,1,2
3606,age,kor,3,1,2,mos,3,1,2
3608,new,uy,2,2,0,iri,3,2,1
3609,young,fiatal,6,3,3,iri,3,2,1
3611,old,oreg,4,2,2,imocm,5,2,3
3613,old,oreg,4,2,2,ilast,5,2,3
3615,old,oreg,4,2,2,plak,4,1,3
3617,early,koran,5,2,3,hert,4,1,3
3619,early,yokor,5,3,2,hert,4,1,3
3625,late,kesn,4,1,3,von,3,1,2
3627,now,most,4,1,3,tani,4,2,2
3628,now,most,4,1,3,tasti,5,2,3
3629,swift,gyors,5,2,3,ispeyt,6,3,3
3631,swift,furge,5,2,3,ispeyt,6,3,3
3633,swift,rohamos,7,3,4,ispeyt,6,3,3
3635,slow,lassu,5,2,3,ngadal,6,2,4
3636,slow,lomha,5,2,3,ngadal,6,2,4
3637,hasten,siet,4,2,2,ndziton,7,2,5
3638,hasten,igyekszik,9,4,5,ndziton,7,2,5
3639,hasten,siet,4,2,2,vrapon,6,2,4
3640,hasten,igyekszik,9,4,5,vrapon,6,2,4
3641,hasten,siet,4,2,2,speyton,7,3,4
3642,hasten,igyekszik,9,4,5,speyton,7,3,4
3643,retard,lassit,6,2,4,vonon,5,2,3
3647,begin,kezd,4,1,3,filon,5,2,3
3653,endtemporal,veg,3,1,2,fund,4,1,3
3654,finish,bevegez,7,3,4,mbarim,6,2,4
3656,finish,bevegez,7,3,4,sos,3,1,2
3658,cease,abbahagy,8,4,4,ndal,4,1,3
3660,cease,abbahagy,8,4,4,rest,4,1,3
3662,cease,abbahagy,8,4,4,puson,5,2,3
3664,ready,kesz,4,1,3,gati,4,2,2
3665,always,mindig,6,2,4,gi,2,1,1
3666,always,mindig,6,2,4,prher,5,1,4
3667,always,mindig,6,2,4,kurdo,5,2,3
3668,often,gyakran,7,3,4,spe,3,1,2
3669,sometimes,valamikor,9,4,5,ndoher,6,2,4
3671,never,soha,4,2,2,kur,3,1,2
3672,again,megint,6,2,4,prsri,5,1,4
3673,again,pedig,5,2,3,prsri,5,1,4
3676,again,megint,6,2,4,eeher,5,3,2
3677,again,pedig,5,2,3,eeher,5,3,2
3680,again,megint,6,2,4,ende,4,2,2
3681,again,pedig,5,2,3,ende,4,2,2
3684,day,nap,3,1,2,dit,3,1,2
3685,night,ey,2,2,0,nat,3,1,2
3686,dawn,napkelte,8,3,5,agim,4,2,2
3688,dawn,haynal,6,3,3,agim,4,2,2
3690,morning,reggel,6,2,4,mnges,5,1,4
3692,noon,del,3,1,2,mesdit,6,2,4
3696,evening,este,4,2,2,mbrmye,6,2,4
3697,today,ma,2,1,1,sot,3,1,2
3699,tomorrow,holnap,6,2,4,nesr,4,1,3
3700,yesterday,tegnap,6,2,4,dye,3,2,1
3701,hour,ora,3,2,1,or,2,1,1
3702,clock,ora,3,2,1,or,2,1,1
3704,week,het,3,1,2,yav,3,2,1
3705,Sunday,vasarnap,8,3,5,ediel,5,3,2
3706,Monday,hetf,4,1,3,ehn,3,1,2
3707,Tuesday,kedd,4,1,3,emart,5,2,3
3708,Wednesday,szerda,6,2,4,emrkur,6,2,4
3709,Thursday,czutortok,9,3,6,eete,4,3,1
3710,Friday,pentek,6,2,4,epremte,7,3,4
3711,Saturday,szombat,7,2,5,estun,5,2,3
3712,month,honap,5,2,3,muay,4,3,1
3713,year,ev,2,1,1,vit,3,1,2
3714,winter,tel,3,1,2,dimr,4,1,3
3715,summer,nyar,4,2,2,ver,3,1,2
3716,autumn,osz,3,1,2,vyest,5,2,3
3717,smellvbintrans,illatozik,9,4,5,kundrmon,8,2,6
3718,smellvbtrans,megszagol,9,3,6,nuhat,5,2,3
3720,fragrant,illatos,7,3,4,imerm,5,2,3
3723,fragrant,illatos,7,3,4,muk,3,1,2
3726,stinking,bzos,4,1,3,izeitur,7,4,3
3728,sweet,edes,4,2,2,imbl,4,1,3
3729,sweet,yoiz,4,3,1,imbl,4,1,3
3730,salty,sos,3,1,2,ikripur,7,3,4
3731,salty,sos,3,1,2,ielm,4,2,2
3732,bitter,keser,5,2,3,ihiur,5,3,2
3733,acid,savanyu,7,4,3,iartor,6,3,3
3734,hear,hall,4,1,3,dgon,4,1,3
3735,hear,hall,4,1,3,ndien,5,2,3
3736,listen,hallgat,7,2,5,veston,6,2,4
3737,listen,hallgat,7,2,5,dgon,4,1,3
3738,sound,hang,4,1,3,tingul,6,2,4
3740,loud,nagyhangu,9,4,5,zma,3,1,2
3742,loud,nagyhangu,9,4,5,ilart,5,2,3
3744,see,lat,3,1,2,seh,3,1,2
3745,see,lat,3,1,2,sikon,5,2,3
3746,look,nez,3,1,2,vtron,5,1,4
3747,look,nez,3,1,2,seh,3,1,2
3748,look,nez,3,1,2,sikon,5,2,3
3749,show,mutat,5,2,3,tregon,6,2,4
3750,show,mutat,5,2,3,dften,5,1,4
3751,show,mutat,5,2,3,kalzon,6,2,4
3752,shine,fenylik,7,3,4,ndrin,5,1,4
3756,shine,fenylik,7,3,4,laps,4,1,3
3760,shine,fenylik,7,3,4,feks,4,1,3
3764,shine,fenylik,7,3,4,sklken,6,1,5
3768,bright,vilagos,7,3,4,isklkumv,8,2,6
3772,bright,vilagos,7,3,4,isklkyer,8,3,5
3776,color,szin,4,1,3,ngur,4,1,3
3778,color,szin,4,1,3,boy,3,2,1
3780,lightincolor,vilagos,7,3,4,ihapt,5,2,3
3781,darkincolor,sotet,5,2,3,iert,4,2,2
3782,white,feher,5,2,3,ibar,4,2,2
3783,black,fekete,6,3,3,izi,3,2,1
3784,black,fekete,6,3,3,ster,4,1,3
3785,red,piros,5,2,3,ikuk,4,2,2
3786,blue,kek,3,1,2,ikaltr,6,2,4
3787,blue,kek,3,1,2,ibruzt,6,2,4
3788,touch,hozzaer,7,3,4,prek,4,1,3
3790,feel,tapogat,7,3,4,ndien,5,2,3
3791,feel,erez,4,2,2,ndien,5,2,3
3796,hard,kemeny,6,3,3,stng,4,0,4
3797,hard,kemeny,6,3,3,igurt,5,2,3
3798,soft,puha,4,2,2,ibut,4,2,2
3799,soft,lagy,4,2,2,ibut,4,2,2
3800,sharp,eles,4,2,2,impreht,7,2,5
3802,sharp,eles,4,2,2,prers,5,1,4
3804,heavy,nehez,5,2,3,irnd,4,1,3
3805,lightinweight,konny,5,2,3,ileht,5,2,3
3806,wet,nedves,6,2,4,ilagt,5,2,3
3808,wet,nyirkos,7,3,4,ilagt,5,2,3
3814,wet,nedves,6,2,4,iom,3,2,1
3816,wet,nyirkos,7,3,4,iom,3,2,1
3822,wet,nedves,6,2,4,iamt,4,2,2
3824,wet,nyirkos,7,3,4,iamt,4,2,2
3830,dry,szaraz,6,2,4,iat,3,2,1
3832,hot,forro,5,2,3,indzeht,7,2,5
3833,hot,tuzes,5,2,3,indzeht,7,2,5
3834,cold,hideg,5,2,3,iftoht,6,2,4
3836,clean,tiszta,6,2,4,ipastr,6,2,4
3837,dirty,piszkos,7,2,5,indur,5,2,3
3838,dirty,moczkos,7,2,5,indur,5,2,3
3841,dirty,piszkos,7,2,5,iflikt,6,2,4
3842,dirty,moczkos,7,2,5,iflikt,6,2,4
3845,soul,lelek,5,2,3,frum,4,1,3
3847,soul,szellem,7,2,5,frum,4,1,3
3853,surprised,meglepdott,10,3,7,icuditur,8,4,4
3854,surprised,czodalkozo,10,4,6,icuditur,8,4,4
3859,surprised,meglepdott,10,3,7,ihabitur,8,4,4
3860,surprised,czodalkozo,10,4,6,ihabitur,8,4,4
3865,surprised,meglepdott,10,3,7,ibefsuar,8,4,4
3866,surprised,czodalkozo,10,4,6,ibefsuar,8,4,4
3871,goodfortune,szerencze,9,3,6,zar,3,1,2
3873,goodfortune,szerencze,9,3,6,fat,3,1,2
3875,goodfortune,szerencze,9,3,6,ksmet,5,1,4
3877,misfortune,balsors,7,2,5,prapsi,6,2,4
3879,misfortune,balsors,7,2,5,gulm,4,1,3
3881,joyful,vidam,5,2,3,gazmor,6,2,4
3884,joyful,boldog,6,2,4,gazmor,6,2,4
3893,joyful,vidam,5,2,3,igzuem,6,3,3
3896,joyful,boldog,6,2,4,igzuem,6,3,3
3905,laugh,nevet,5,2,3,ke,2,1,1
3908,play,yatszik,7,3,4,luan,4,2,2
3910,play,yatszik,7,3,4,lodron,6,2,4
3912,love,szeret,6,2,4,dasuron,7,3,4
3916,love,szerelem,8,3,5,dasuron,7,3,4
3936,kiss,czokol,6,2,4,pu,2,1,1
3937,pain,fayas,5,3,2,embye,5,3,2
3939,grief,banat,5,2,3,gul,3,1,2
3941,grief,szomorusag,10,4,6,gul,3,1,2
3959,anxiety,gondoskodas,11,4,7,ank,3,1,2
3967,regret,megsaynal,9,4,5,pendohet,8,3,5
3969,regret,megban,6,2,4,pendohet,8,3,5
3971,pity,reszvet,7,2,5,mir,3,1,2
3972,pity,saynalkozas,11,5,6,mir,3,1,2
3981,pity,reszvet,7,2,5,emburi,6,3,3
3982,pity,saynalkozas,11,5,6,emburi,6,3,3
3991,pity,reszvet,7,2,5,gunah,5,2,3
3992,pity,saynalkozas,11,5,6,gunah,5,2,3
4001,cry,sirdogal,8,3,5,kan,3,1,2
4002,tearnoun,konnyczepp,10,3,7,lot,3,1,2
4003,groan,nyog,4,2,2,rnkon,5,1,4
4004,groan,sohaytozik,10,5,5,rnkon,5,1,4
4009,groan,nyog,4,2,2,gmon,4,1,3
4010,groan,sohaytozik,10,5,5,gmon,4,1,3
4015,hate,gylol,5,2,3,uren,4,2,2
4017,anger,gylolet,7,3,4,inat,4,2,2
4019,anger,gylolet,7,3,4,zemrat,6,2,4
4021,envy,irigyseg,8,4,4,smir,4,1,3
4025,envy,irigyseg,8,4,4,res,3,1,2
4029,envy,irigyseg,8,4,4,nakar,5,2,3
4033,envy,irigyseg,8,4,4,maraz,5,2,3
4037,shamenoun,szegyen,7,3,4,turp,4,1,3
4038,shamenoun,szegyen,7,3,4,kori,4,2,2
4039,proud,kevely,6,3,3,krenar,6,2,4
4040,proud,buszke,6,2,4,krenar,6,2,4
4041,dare,mer,3,1,2,gudzon,6,2,4
4045,dare,mer,3,1,2,kuturis,7,3,4
4049,brave,bator,5,2,3,trim,4,1,3
4055,fear,felelem,7,3,4,frik,4,1,3
4064,fear,felelem,7,3,4,tmer,4,1,3
4073,fear,felelem,7,3,4,tut,3,1,2
4082,danger,veszely,7,3,4,rezik,5,2,3
4084,desire,kivan,5,2,3,diron,5,2,3
4085,desire,akar,4,2,2,diron,5,2,3
4086,desire,kedve,5,2,3,diron,5,2,3
4087,desire,tartya,6,3,3,diron,5,2,3
4088,desire,szeret,6,2,4,diron,5,2,3
4094,hope,kivansag,8,3,5,spres,5,1,4
4098,faithful,h,1,0,1,besnik,6,2,4
4100,lie,hazudik,7,3,4,gen,3,1,2
4101,lie,hazudik,7,3,4,spif,4,1,3
4102,lie,hazudik,7,3,4,sendrgon,8,2,6
4103,deceit,hazugsag,8,3,5,drei,4,2,2
4105,deceit,hazugsag,8,3,5,mastrim,7,2,5
4107,forgive,megboczat,9,3,6,fal,3,1,2
4108,good,yo,2,2,0,imir,4,2,2
4109,good,helyes,6,3,3,imir,4,2,2
4110,bad,roszsz,6,1,5,ikek,4,2,2
4111,bad,roszsz,6,1,5,ilig,4,2,2
4112,right,igaz,4,2,2,dreyt,5,2,3
4116,fault,hiba,4,2,2,fay,3,2,1
4117,fault,felelsseg,9,3,6,fay,3,2,1
4120,mistake,hiba,4,2,2,gabim,5,2,3
4122,mistake,hiba,4,2,2,layim,5,3,2
4124,blame,szidas,6,2,4,fay,3,2,1
4125,blame,dorgalas,8,3,5,fay,3,2,1
4126,praise,diczeret,8,3,5,lavdi,5,2,3
4127,praise,diczeret,8,3,5,lvdat,5,1,4
4128,beautiful,szep,4,1,3,ibukur,6,3,3
4130,ugly,czunya,6,3,3,ismtuar,7,3,4
4131,mind,esz,3,1,2,mendye,6,3,3
4133,think,gondolkozik,11,4,7,mendohet,8,3,5
4137,think,vel,3,1,2,mendohet,8,3,5
4141,think,gondol,6,2,4,mendohet,8,3,5
4157,think,gondolkozik,11,4,7,mendon,6,2,4
4161,think,vel,3,1,2,mendon,6,2,4
4165,think,gondol,6,2,4,mendon,6,2,4
4181,think,gondolkozik,11,4,7,pandeh,6,2,4
4185,think,vel,3,1,2,pandeh,6,2,4
4189,think,gondol,6,2,4,pandeh,6,2,4
4205,believe,hisz,4,1,3,beson,5,2,3
4206,understand,ert,3,1,2,kupton,6,2,4
4207,know,tud,3,1,2,di,2,1,1
4209,know,ismer,5,2,3,di,2,1,1
4211,seem,latszik,7,2,5,duket,5,2,3
4212,wise,bolcz,5,1,4,imencur,7,3,4
4213,wise,okos,4,2,2,imencur,7,3,4
4214,foolish,ostoba,6,3,3,kokat,5,2,3
4218,foolish,buta,4,2,2,kokat,5,2,3
4222,foolish,hulye,5,3,2,kokat,5,2,3
4238,foolish,ostoba,6,3,3,mendyeleht,10,4,6
4242,foolish,buta,4,2,2,mendyeleht,10,4,6
4246,foolish,hulye,5,3,2,mendyeleht,10,4,6
4262,insane,bolond,6,2,4,icmendur,8,3,5
4264,insane,rult,4,1,3,icmendur,8,3,5
4270,insane,bolond,6,2,4,budala,6,3,3
4272,insane,rult,4,1,3,budala,6,3,3
4278,learn,tanul,5,2,3,mson,4,1,3
4282,learn,tanul,5,2,3,ndz,3,0,3
4286,learn,tanul,5,2,3,arsehet,7,3,4
4290,teach,tanit,5,2,3,mson,4,1,3
4291,teach,oktat,5,2,3,mson,4,1,3
4298,pupil,tanulo,6,3,3,ndzns,5,0,5
4299,pupil,tanulo,6,3,3,skolar,6,2,4
4300,teacher,tanito,6,3,3,msues,5,2,3
4302,teacher,tanito,6,3,3,askal,5,2,3
4304,school,iskola,6,3,3,skol,4,1,3
4306,remember,emlekszik,9,3,6,kuytohet,8,4,4
4310,remember,emlekszik,9,3,6,mbanmend,8,2,6
4314,forget,elfeleyt,8,4,4,haron,5,2,3
4315,clear,vilagos,7,3,4,ikart,5,2,3
4316,clear,vilagos,7,3,4,iyet,4,3,1
4317,obscure,homalyos,8,4,4,iert,4,2,2
4319,obscure,homalyos,8,4,4,iturbult,8,3,5
4321,secret,titkos,6,2,4,fsehtsi,7,2,5
4324,secret,titkos,6,2,4,sekret,6,2,4
4327,sure,biztos,6,2,4,isigurt,7,3,4
4331,explain,megmagyaraz,11,5,6,spyegon,7,3,4
4332,explain,megmagyaraz,11,5,6,styelon,7,3,4
4333,intention,szandek,7,2,5,klim,4,1,3
4339,intention,szandek,7,2,5,sunim,5,2,3
4345,cause,ok,2,1,1,skakton,7,2,5
4346,cause,ok,2,1,1,bn,2,0,2
4347,doubt,ketelkedik,10,4,6,dysim,5,2,3
4348,doubt,ketelkedik,10,4,6,sil,3,1,2
4349,suspect,ketelkedik,10,4,6,duon,4,2,2
4350,suspect,gyanusit,8,4,4,duon,4,2,2
4351,suspect,ketelkedik,10,4,6,pandeh,6,2,4
4352,suspect,gyanusit,8,4,4,pandeh,6,2,4
4353,voice,hang,4,1,3,z,1,0,1
4355,sing,enekel,6,3,3,kndon,5,1,4
4356,shout,kialt,5,2,3,brtet,5,1,4
4358,shout,kiabal,6,3,3,brtet,5,1,4
4360,shout,kialt,5,2,3,gret,4,1,3
4362,shout,kiabal,6,3,3,gret,4,1,3
4364,shout,kialt,5,2,3,klet,4,1,3
4366,shout,kiabal,6,3,3,klet,4,1,3
4368,shout,kialt,5,2,3,kli,3,1,2
4370,shout,kiabal,6,3,3,kli,3,1,2
4372,speak,beszel,6,2,4,flet,4,1,3
4378,speak,beszel,6,2,4,fyalos,6,3,3
4384,say,mond,4,1,3,ot,2,1,1
4385,say,szol,4,1,3,ot,2,1,1
4386,say,mond,4,1,3,flet,4,1,3
4387,say,szol,4,1,3,flet,4,1,3
4388,silentbe,czendes,7,2,5,hest,4,1,3
4389,silentbe,czendes,7,2,5,sun,3,1,2
4390,language,nyelv,5,2,3,guh,3,1,2
4392,word,szo,3,1,2,fyal,4,2,2
4393,name,nev,3,1,2,emr,3,1,2
4394,askquestion,megkerdez,9,3,6,puet,4,2,2
4397,answer,felel,5,2,3,prgiget,7,2,5
4398,answer,valaszol,8,3,5,prgiget,7,2,5
4399,answer,felel,5,2,3,geg,3,1,2
4400,answer,valaszol,8,3,5,geg,3,1,2
4401,admit,felismer,8,3,5,faysohet,8,4,4
4402,admit,felismer,8,3,5,pranon,6,2,4
4403,deny,tagad,5,2,3,mohon,5,2,3
4405,deny,kinyilik,8,4,4,mohon,5,2,3
4415,ask,ker,3,1,2,krkon,5,1,4
4416,ask,kovetel,7,3,4,krkon,5,1,4
4419,promise,megiger,7,3,4,premton,7,2,5
4421,promise,megfogad,8,3,5,premton,7,2,5
4423,refuse,vonakodik,9,4,5,kundrton,8,2,6
4424,refuse,vonakodik,9,4,5,mohon,5,2,3
4425,forbid,tilt,4,1,3,ndalon,6,2,4
4427,call,meghiv,6,2,4,et,2,1,1
4428,call,invital,7,3,4,et,2,1,1
4429,call,nevenszolit,11,4,7,et,2,1,1
4439,call,meghiv,6,2,4,kuhet,5,2,3
4440,call,invital,7,3,4,kuhet,5,2,3
4441,call,nevenszolit,11,4,7,kuhet,5,2,3
4451,call,meghiv,6,2,4,kuan,4,2,2
4452,call,invital,7,3,4,kuan,4,2,2
4453,call,nevenszolit,11,4,7,kuan,4,2,2
4463,announce,kihirdet,8,3,5,ofton,5,2,3
4467,threaten,megfenyeget,11,5,6,kanos,5,2,3
4469,threaten,megfenyeget,11,5,6,grmohet,7,2,5
4471,threaten,megfenyeget,11,5,6,krcnon,6,1,5
4473,boast,diczekszik,10,3,7,mburet,6,2,4
4475,boast,kerkedik,8,3,5,mburet,6,2,4
4477,boast,henceg,6,2,4,mburet,6,2,4
4479,boast,diczekszik,10,3,7,krenohet,8,3,5
4481,boast,kerkedik,8,3,5,krenohet,8,3,5
4483,boast,henceg,6,2,4,krenohet,8,3,5
4485,boast,diczekszik,10,3,7,kapardiset,10,4,6
4487,boast,kerkedik,8,3,5,kapardiset,10,4,6
4489,boast,henceg,6,2,4,kapardiset,10,4,6
4491,write,ir,2,1,1,skruan,6,2,4
4493,read,elolvas,7,3,4,ledzon,6,2,4
4494,read,elolvas,7,3,4,kndon,5,1,4
4495,paper,papir,5,2,3,letr,4,1,3
4496,pen,irotoll,7,3,4,pen,3,1,2
4502,pen,irotoll,7,3,4,stilograf,9,3,6
4508,book,konyv,5,2,3,libr,4,1,3
4509,poet,kolt,4,1,3,poet,4,2,2
4511,poet,kolt,4,1,3,vyerstar,8,3,5
4513,country,orszag,6,2,4,vend,4,1,3
4514,onesnativecountry,haza,4,2,2,ate,3,2,1
4515,onesnativecountry,szulfold,8,2,6,ate,3,2,1
4518,city,varos,5,2,3,kutet,5,2,3
4519,village,falu,4,2,2,fsat,4,1,3
4520,village,falu,4,2,2,katund,6,2,4
4521,boundary,hatar,5,2,3,kufi,4,2,2
4524,peoplepopulace,nep,3,1,2,popul,5,2,3
4526,peoplepopulace,nep,3,1,2,erzi,4,2,2
4528,tribe,torzs,5,1,4,fis,3,1,2
4530,tribe,nemzetseg,9,3,6,fis,3,1,2
4536,rule,kormanyoz,9,4,5,keveris,7,3,4
4538,king,kiraly,6,3,3,mbret,5,1,4
4540,queen,kiralyn,7,3,4,mbretre,7,2,5
4542,noble,nemesember,10,4,6,fisnik,6,2,4
4544,noble,nemesember,10,4,6,buyar,5,3,2
4546,citizen,allampolgar,11,4,7,stetas,6,2,4
4547,citizen,polgar,6,2,4,stetas,6,2,4
4550,citizen,allampolgar,11,4,7,nntetas,7,2,5
4551,citizen,polgar,6,2,4,nntetas,7,2,5
4554,master,gazda,5,2,3,zot,3,1,2
4555,master,ur,2,1,1,zot,3,1,2
4556,slave,rabszolga,9,3,6,sklav,5,1,4
4558,slave,rabszolga,9,3,6,rob,3,1,2
4560,servant,szolga,6,2,4,srbtor,6,1,5
4563,command,megparanczol,12,4,8,urron,5,2,3
4566,command,felszolit,9,3,6,urron,5,2,3
4575,obey,hallgat,7,2,5,bindet,6,2,4
4576,obey,engedelmeskedik,15,6,9,bindet,6,2,4
4583,obey,hallgat,7,2,5,geg,3,1,2
4584,obey,engedelmeskedik,15,6,9,geg,3,1,2
4591,let,megenged,8,3,5,leyon,5,3,2
4597,friend,barat,5,2,3,mik,3,1,2
4599,friend,haver,5,2,3,mik,3,1,2
4605,friend,barat,5,2,3,sok,3,1,2
4607,friend,haver,5,2,3,sok,3,1,2
4613,enemy,ellenseg,8,3,5,armik,5,2,3
4615,enemy,ellenseg,8,3,5,anmik,5,2,3
4617,neighbor,szomszed,8,2,6,fki,3,1,2
4618,stranger,idegen,6,3,3,huayi,5,4,1
4620,stranger,idegen,6,3,3,yabani,6,4,2
4622,guest,vendeg,6,2,4,musafir,7,3,4
4624,host,gazda,5,2,3,buytar,6,3,3
4625,help,segit,5,2,3,ndihmon,7,2,5
4626,help,tamogat,7,3,4,ndihmon,7,2,5
4627,hinder,zavar,5,2,3,pengon,6,2,4
4629,hinder,haborgat,8,3,5,pengon,6,2,4
4631,hinder,akadalyoz,9,5,4,pengon,6,2,4
4639,custom,mod,3,1,2,zakon,5,2,3
4641,custom,mod,3,1,2,adet,4,2,2
4643,custom,mod,3,1,2,zanat,5,2,3
4645,strife,veszekedes,10,4,6,znie,4,2,2
4647,strife,vita,4,2,2,znie,4,2,2
4665,strife,veszekedes,10,4,6,ragat,5,2,3
4667,strife,vita,4,2,2,ragat,5,2,3
4685,conspiracy,megigezes,9,4,5,komplot,7,2,5
4687,conspiracy,radvasas,8,3,5,komplot,7,2,5
4693,meet,megtalal,8,3,5,takon,5,2,3
4694,prostitute,prostitualt,11,4,7,kurv,4,1,3
4696,prostitute,keyn,4,2,2,kurv,4,1,3
4702,prostitute,prostitualt,11,4,7,bustr,5,1,4
4704,prostitute,keyn,4,2,2,bustr,5,1,4
4710,prostitute,prostitualt,11,4,7,ruspi,5,2,3
4712,prostitute,keyn,4,2,2,ruspi,5,2,3
4718,fight,harcol,6,2,4,lufton,6,2,4
4720,fight,kuzol,5,2,3,lufton,6,2,4
4734,fight,harcol,6,2,4,zihet,5,2,3
4736,fight,kuzol,5,2,3,zihet,5,2,3
4750,fight,harcol,6,2,4,rihet,5,2,3
4752,fight,kuzol,5,2,3,rihet,5,2,3
4766,war,haboru,6,3,3,luft,4,1,3
4769,peace,beke,4,2,2,pake,4,2,2
4770,army,hadsereg,8,3,5,ustri,5,2,3
4774,soldier,katona,6,3,3,ustar,5,2,3
4777,weapons,fegyver,7,3,4,arm,3,1,2
4778,club,gombost,7,2,5,gdap,4,1,3
4781,club,gombost,7,2,5,stap,4,1,3
4784,club,gombost,7,2,5,krba,4,1,3
4787,sling,parittya,8,4,4,hobe,4,2,2
4788,sling,parittya,8,4,4,tizg,4,1,3
4789,bow,iy,2,2,0,hark,4,1,3
4790,arrow,nyil,4,2,2,siget,5,2,3
4791,spear,kopya,5,3,2,stiz,4,1,3
4793,spear,darda,5,2,3,stiz,4,1,3
4795,spear,kopya,5,3,2,hest,4,1,3
4797,spear,darda,5,2,3,hest,4,1,3
4799,sword,kard,4,1,3,spat,4,1,3
4801,sword,kard,4,1,3,kor,3,1,2
4803,gun,fegyver,7,3,4,top,3,1,2
4805,gun,agyu,4,3,1,top,3,1,2
4807,gun,loveg,5,2,3,top,3,1,2
4821,armordefensive,pancelzat,9,3,6,blind,5,1,4
4824,armordefensive,pancelzat,9,3,6,armor,5,2,3
4827,helmet,sisak,5,2,3,kask,4,1,3
4829,shield,payzs,5,2,3,skut,4,1,3
4830,shield,payzs,5,2,3,mburoy,6,3,3
4831,shield,payzs,5,2,3,kalkan,6,2,4
4832,fortress,erd,3,1,2,kala,4,2,2
4833,fortress,erd,3,1,2,fortes,6,2,4
4834,fortress,erd,3,1,2,ktyel,5,2,3
4835,tower,torony,6,3,3,kul,3,1,2
4836,victory,gyozelem,8,4,4,fitore,6,3,3
4839,defeat,vereseg,7,3,4,mundye,6,3,3
4840,defeat,eltalalas,9,4,5,mundye,6,3,3
4841,defeat,rarohan,7,3,4,mundye,6,3,3
4845,defeat,vereseg,7,3,4,humbye,6,3,3
4846,defeat,eltalalas,9,4,5,humbye,6,3,3
4847,defeat,rarohan,7,3,4,humbye,6,3,3
4851,defeat,vereseg,7,3,4,spartalim,9,3,6
4852,defeat,eltalalas,9,4,5,spartalim,9,3,6
4853,defeat,rarohan,7,3,4,spartalim,9,3,6
4857,attack,tamadas,7,3,4,sulmon,6,2,4
4858,attack,roham,5,2,3,sulmon,6,2,4
4859,attack,tamadas,7,3,4,turet,5,2,3
4860,attack,roham,5,2,3,turet,5,2,3
4861,defend,ov,2,1,1,mbron,5,1,4
4862,defend,ved,3,1,2,mbron,5,1,4
4863,retreat,viszszalep,10,3,7,trhiket,7,2,5
4866,surrender,atad,4,2,2,dorzohet,8,3,5
4867,surrender,atenged,7,3,4,dorzohet,8,3,5
4870,captive,fogoly,6,3,3,rob,3,1,2
4872,captive,rab,3,1,2,rob,3,1,2
4878,captive,fogoly,6,3,3,haps,4,1,3
4880,captive,rab,3,1,2,haps,4,1,3
4886,booty,hadizsakmany,12,5,7,proy,4,2,2
4888,ambush,czapda,6,2,4,kur,3,1,2
4891,ambush,czapda,6,2,4,prit,4,1,3
4894,ambush,czapda,6,2,4,pusi,4,2,2
4897,law,torveny,7,3,4,lig,3,1,2
4898,law,yog,3,2,1,lig,3,1,2
4903,court,torvenyszek,11,4,7,gukat,5,2,3
4905,court,birosag,7,3,4,gukat,5,2,3
4907,court,torvenyszek,11,4,7,guk,3,1,2
4909,court,birosag,7,3,4,guk,3,1,2
4911,judge,eletel,6,3,3,gukon,5,2,3
4912,judge,velemenyt,9,4,5,gukon,5,2,3
4913,judgment,itelet,6,3,3,gukim,5,2,3
4915,judgenoun,biro,4,2,2,gukats,6,2,4
4916,judgenoun,biro,4,2,2,gukues,6,3,3
4917,plaintiff,felperes,8,3,5,padits,6,2,4
4918,plaintiff,panaszos,8,3,5,padits,6,2,4
4919,plaintiff,felperes,8,3,5,ankues,6,3,3
4920,plaintiff,panaszos,8,3,5,ankues,6,3,3
4921,defendant,alperes,7,3,4,ipadituri,9,5,4
4923,defendant,alperes,7,3,4,iakuzuari,9,6,3
4925,witness,tanu,4,2,2,dmitar,6,2,4
4926,witness,tanu,4,2,2,sahit,5,2,3
4927,swear,eskuttesz,9,3,6,beton,5,2,3
4929,swear,eskuttesz,9,3,6,prgron,6,1,5
4931,oath,esku,4,2,2,be,2,1,1
4932,oath,esku,4,2,2,betim,5,2,3
4933,oath,esku,4,2,2,bes,3,1,2
4934,accuse,vadatemel,9,4,5,padit,5,2,3
4935,accuse,vadatemel,9,4,5,akuzon,6,3,3
4936,condemn,eltel,5,2,3,dnon,4,1,3
4937,convict,bnosnektalalyaitel,18,8,10,dnon,4,1,3
4939,acquit,felment,7,2,5,sfayson,7,3,4
4940,guilty,bnos,4,1,3,ifaysm,6,3,3
4941,guilty,hibas,5,2,3,ifaysm,6,3,3
4942,innocent,artatlan,8,3,5,ipafaysm,8,4,4
4944,penalty,buntetes,8,3,5,ndkim,5,1,4
4945,fine,birsag,6,2,4,gob,3,1,2
4947,fine,birsag,6,2,4,erime,5,3,2
4949,prison,foghaz,6,2,4,burg,4,1,3
4950,prison,borton,6,2,4,burg,4,1,3
4953,rape,enszak,6,2,4,unim,4,2,2
4954,arson,gyuytogatas,11,6,5,zyarvnie,8,4,4
4955,religion,vallas,6,2,4,fe,2,1,1
4959,God,Isten,5,2,3,perndi,6,2,4
4961,God,Isten,5,2,3,zot,3,1,2
4963,temple,templom,7,2,5,faltore,7,3,4
4964,temple,egyhaz,6,3,3,faltore,7,3,4
4969,temple,templom,7,2,5,kis,3,1,2
4970,temple,egyhaz,6,3,3,kis,3,1,2
4975,temple,templom,7,2,5,tempul,6,2,4
4976,temple,egyhaz,6,3,3,tempul,6,2,4
4981,altar,oltar,5,2,3,altar,5,2,3
4982,sacrifice,aldozat,7,3,4,fli,3,1,2
4986,sacrifice,aldozat,7,3,4,eror,4,2,2
4990,worship,istenkenttisztel,16,5,11,auron,5,3,2
4992,pray,imadkozik,9,4,5,falet,5,2,3
4993,pray,imadkozik,9,4,5,fal,3,1,2
4994,pray,imadkozik,9,4,5,lutet,5,2,3
4995,priest,pap,3,1,2,prift,5,1,4
4997,priest,lelkesz,7,2,5,prift,5,1,4
5003,holy,szent,5,1,4,iset,4,2,2
5007,preach,predikal,8,3,5,predikon,8,3,5
5009,preach,szentbeszedetmond,17,5,12,predikon,8,3,5
5011,bless,megald,6,2,4,bekon,5,2,3
5013,bless,megald,6,2,4,uraton,6,3,3
5015,curse,elatkoz,7,3,4,malkon,6,2,4
5017,curse,elatkoz,7,3,4,katron,6,2,4
5019,fast,boytol,6,3,3,agron,5,2,3
5020,fast,boytol,6,3,3,kresmon,7,2,5
5021,heaven,eg,2,1,1,parays,6,3,3
5023,heaven,eg,2,1,1,enet,4,2,2
