,Parameter,Hungarian,H Word Length,H Vowel Count,H Consonant Count,Bulgarian,B Word Length,B Vowel Count,B Consonant Count
0,world,vilag,5,2,3,svjat,5,1,4
4,earth,fold,4,1,3,zemja,5,2,3
6,earth,talay,5,3,2,zemja,5,2,3
8,earth,fold,4,1,3,pocva,5,2,3
10,earth,talay,5,3,2,pocva,5,2,3
28,dust,por,3,1,2,prax,4,1,3
30,mud,sar,3,1,2,kal,3,1,2
31,sand,homok,5,2,3,pjasak,6,2,4
32,mountain,hegy,4,2,2,planina,7,3,4
35,mountain,hegy,4,2,2,xalm,4,1,3
38,plain,siksag,6,2,4,ravnina,7,3,4
39,plain,mez,3,1,2,ravnina,7,3,4
40,plain,siksag,6,2,4,pole,4,2,2
41,plain,mez,3,1,2,pole,4,2,2
42,valley,volgy,5,2,3,dolina,6,3,3
43,island,sziget,6,2,4,ostrov,6,2,4
45,mainland,szarazfold,10,3,7,zemja,5,2,3
46,mainland,kontinens,9,3,6,zemja,5,2,3
47,mainland,szarazfold,10,3,7,susa,4,2,2
48,mainland,kontinens,9,3,6,susa,4,2,2
49,mainland,szarazfold,10,3,7,kontinent,9,3,6
50,mainland,kontinens,9,3,6,kontinent,9,3,6
51,shore,part,4,1,3,brjag,5,1,4
60,water,viz,3,1,2,voda,4,2,2
61,sea,tenger,6,2,4,more,4,2,2
62,lake,to,2,1,1,ezero,5,3,2
63,gulf,obol,4,2,2,zaliv,5,2,3
65,wave,hullam,6,2,4,valna,5,2,3
68,river,folyo,5,3,2,reka,4,2,2
71,river,ar,2,1,1,reka,4,2,2
74,river,patak,5,2,3,reka,4,2,2
77,river,folyo,5,3,2,potok,5,2,3
80,river,ar,2,1,1,potok,5,2,3
83,river,patak,5,2,3,potok,5,2,3
86,river,folyo,5,3,2,rucej,5,2,3
89,river,ar,2,1,1,rucej,5,2,3
92,river,patak,5,2,3,rucej,5,2,3
95,spring,forras,6,2,4,izvor,5,2,3
99,spring,kut,3,1,2,izvor,5,2,3
103,spring,tavasz,6,2,4,izvor,5,2,3
107,spring,forras,6,2,4,kladenec,8,3,5
111,spring,kut,3,1,2,kladenec,8,3,5
115,spring,tavasz,6,2,4,kladenec,8,3,5
119,spring,forras,6,2,4,prolet,6,2,4
123,spring,kut,3,1,2,prolet,6,2,4
127,spring,tavasz,6,2,4,prolet,6,2,4
311,woods,erd,3,1,2,gora,4,2,2
312,treecf.,fa,2,1,1,darvo,5,2,3
314,wood,fanyag,6,3,3,darvo,5,2,3
315,wood,tzifa,5,2,3,darvo,5,2,3
316,stone,k,1,0,1,kamak,5,2,3
319,stone,szikla,6,2,4,kamak,5,2,3
322,stone,szirt,5,1,4,kamak,5,2,3
325,stone,k,1,0,1,skala,5,2,3
328,stone,szikla,6,2,4,skala,5,2,3
331,stone,szirt,5,1,4,skala,5,2,3
334,stone,k,1,0,1,kanara,6,3,3
337,stone,szikla,6,2,4,kanara,6,3,3
340,stone,szirt,5,1,4,kanara,6,3,3
370,sky,eg,2,1,1,nebe,4,2,2
372,sun,nap,3,1,2,slance,6,2,4
373,moon,hold,4,1,3,luna,4,2,2
374,star,czillag,7,2,5,zvezda,6,2,4
376,lightning,villam,6,2,4,malnija,7,3,4
377,lightning,villam,6,2,4,svetkavica,10,4,6
378,thunder,mennydorges,11,4,7,gram,4,1,3
379,thunder,mennydorges,11,4,7,gramotevica,11,5,6
382,lightningasstriking,zivatar,7,3,4,gram,4,1,3
383,lightnoun,feny,4,2,2,svetlina,8,3,5
384,lightnoun,vilagossag,10,4,6,svetlina,8,3,5
387,darkness,sotegseg,8,3,5,tamnina,7,3,4
388,darkness,sotegseg,8,3,5,mrak,4,1,3
393,shade,arnyek,6,3,3,sjanka,6,2,4
394,air,leveg,5,2,3,vazdux,6,2,4
396,wind,szel,4,1,3,vjatar,6,2,4
400,wind,czavar,6,2,4,vjatar,6,2,4
404,wind,sodor,5,2,3,vjatar,6,2,4
408,wind,fon,3,1,2,vjatar,6,2,4
412,wind,beczavar,8,3,5,vjatar,6,2,4
416,wind,szel,4,1,3,zavivam,7,3,4
420,wind,czavar,6,2,4,zavivam,7,3,4
424,wind,sodor,5,2,3,zavivam,7,3,4
428,wind,fon,3,1,2,zavivam,7,3,4
432,wind,beczavar,8,3,5,zavivam,7,3,4
436,wind,szel,4,1,3,uvivam,6,3,3
440,wind,czavar,6,2,4,uvivam,6,3,3
444,wind,sodor,5,2,3,uvivam,6,3,3
448,wind,fon,3,1,2,uvivam,6,3,3
452,wind,beczavar,8,3,5,uvivam,6,3,3
456,wind,szel,4,1,3,vijase,6,3,3
460,wind,czavar,6,2,4,vijase,6,3,3
464,wind,sodor,5,2,3,vijase,6,3,3
468,wind,fon,3,1,2,vijase,6,3,3
472,wind,beczavar,8,3,5,vijase,6,3,3
476,wind,szel,4,1,3,omotavam,8,4,4
480,wind,czavar,6,2,4,omotavam,8,4,4
484,wind,sodor,5,2,3,omotavam,8,4,4
488,wind,fon,3,1,2,omotavam,8,4,4
492,wind,beczavar,8,3,5,omotavam,8,4,4
596,cloud,felh,4,1,3,oblak,5,2,3
597,fog,kod,3,1,2,magla,5,2,3
599,rainnoun,es,2,1,1,dazd,4,1,3
600,snownoun,ho,2,1,1,snjag,5,1,4
601,ice,yeg,3,2,1,led,3,1,2
602,weather,idyaras,7,4,3,vreme,5,2,3
604,fire,tz,2,0,2,ogan,4,2,2
605,flamenoun,lang,4,1,3,plamak,6,2,4
606,smokenoun,fust,4,1,3,dim,3,1,2
607,ashes,hamu,4,2,2,pepel,5,2,3
608,light,meggyuyt,8,4,4,palja,5,2,3
610,light,eltuzel,7,3,4,palja,5,2,3
612,light,meggyuyt,8,4,4,zapalvam,8,3,5
614,light,eltuzel,7,3,4,zapalvam,8,3,5
624,matchnoun,gyufa,5,3,2,kibrit,6,2,4
625,matchnoun,gyufa,5,3,2,kleckakibrit,12,4,8
626,person,egyen,5,3,2,covek,5,2,3
627,person,ember,5,2,3,covek,5,2,3
628,manvs.woman,ferfi,5,2,3,maz,3,1,2
630,woman,aszszony,8,3,5,zena,4,2,2
631,woman,n,1,0,1,zena,4,2,2
632,male,him,3,1,2,mazki,5,2,3
633,female,nnemu,5,2,3,zenski,6,2,4
634,boy,fiu,3,2,1,momce,5,2,3
640,girl,leany,5,3,2,momice,6,3,3
641,child,gyermek,7,3,4,dete,4,2,2
642,infant,czeczem,7,2,5,bebe,4,2,2
644,infant,kisbaba,7,3,4,bebe,4,2,2
646,infant,czeczem,7,2,5,pelenace,8,4,4
648,infant,kisbaba,7,3,4,pelenace,8,4,4
650,infant,czeczem,7,2,5,mladenec,8,3,5
652,infant,kisbaba,7,3,4,mladenec,8,3,5
654,infant,czeczem,7,2,5,karmace,7,3,4
656,infant,kisbaba,7,3,4,karmace,7,3,4
658,husband,fery,4,2,2,saprug,6,2,4
659,husband,fery,4,2,2,maz,3,1,2
660,wife,feleseg,7,3,4,sapruga,7,3,4
662,wife,feleseg,7,3,4,zena,4,2,2
664,marry,meghazasodik,12,5,7,ozenvamse,9,4,5
667,marry,meghazasodik,12,5,7,omazvamse,9,4,5
670,marriage,hazassag,8,3,5,brak,4,1,3
672,marriage,hazassag,8,3,5,zenitba,7,3,4
674,marriage,hazassag,8,3,5,brakosacetanie,14,7,7
676,marriage,hazassag,8,3,5,svatba,6,2,4
678,marriage,hazassag,8,3,5,vencavane,9,4,5
680,marriage,hazassag,8,3,5,vencavka,8,3,5
694,father,apa,3,2,1,basta,5,2,3
696,mother,anya,4,3,1,majka,5,2,3
697,parents,szulk,5,1,4,roditeli,8,4,4
698,son,fiu,3,2,1,sin,3,1,2
700,daughter,leany,5,3,2,dasterja,8,3,5
701,brother,fiver,5,2,3,brat,4,1,3
702,sister,nver,4,1,3,sestra,6,2,4
703,grandfather,nagyapa,7,4,3,djado,5,2,3
705,grandmother,nagyanya,8,5,3,baba,4,2,2
707,grandson,fiuunoka,8,5,3,vnuk,4,1,3
708,granddaughter,leanyunoka,10,6,4,vnucka,6,2,4
709,uncle,nagybaczi,9,4,5,cico,4,2,2
711,aunt,nagyneni,8,4,4,lelja,5,2,3
713,nephew,unokaocz,8,4,4,plemennik,9,3,6
714,niece,unokahug,8,4,4,plemennica,10,4,6
715,cousin,unokatestver,12,5,7,bratovced,9,3,6
719,ancestors,sok,3,1,2,praroditeli,11,5,6
721,ancestors,eldok,5,2,3,praroditeli,11,5,6
723,ancestors,sok,3,1,2,praotci,7,3,4
725,ancestors,eldok,5,2,3,praotci,7,3,4
735,descendants,leszarmazottak,14,5,9,potomci,7,3,4
739,fatherinlawofaman,apos,4,2,2,tast,4,1,3
740,motherinlawofaman,anyos,5,3,2,tasta,5,2,3
741,soninlawofaman,v,1,0,1,zet,3,1,2
742,daughterinlawofaman,meny,4,2,2,snaxa,5,2,3
743,stepfather,mostohapa,9,4,5,vtoribasta,10,4,6
746,stepmother,mostohanya,10,5,5,mastexa,7,3,4
748,stepson,mostohafiu,10,5,5,doveden,7,3,4
752,stepdaughter,mostohaleany,12,6,6,dovedena,8,4,4
754,orphan,arva,4,2,2,sirak,5,2,3
756,orphan,arva,4,2,2,sirace,6,3,3
766,widow,ozvegy,6,3,3,vdovica,7,3,4
767,relatives,rokon,5,2,3,rodnini,7,3,4
768,relatives,rokon,5,2,3,rodstvenici,11,4,7
769,family,czalad,6,2,4,semejstvo,9,3,6
770,family,czalad,6,2,4,familija,8,4,4
771,animal,allat,5,2,3,zivotno,7,3,4
773,animal,allat,5,2,3,dobice,6,3,3
779,maleadj,him,3,1,2,mazki,5,2,3
780,maleadj,him,3,1,2,mazkar,6,2,4
781,maleadj,him,3,1,2,samec,5,2,3
782,femaleadj,nsteny,6,2,4,zenska,6,2,4
783,femaleadj,nsteny,6,2,4,zenski,6,2,4
784,femaleadj,nsteny,6,2,4,samka,5,2,3
785,livestock,allatallomany,13,6,7,dobitak,7,3,4
789,pasture,legel,5,2,3,pasa,4,2,2
790,pasture,legel,5,2,3,pasbiste,8,3,5
791,pasture,legel,5,2,3,pasiste,7,3,4
795,herdsman,pasztor,7,2,5,pastir,6,2,4
797,herdsman,pasztor,7,2,5,govedar,7,3,4
799,stable,istallo,7,3,4,konjusna,8,3,5
801,stable,istallo,7,3,4,obor,4,2,2
803,stable,istallo,7,3,4,kravarnik,9,3,6
811,cattlebovine,marha,5,2,3,goveda,6,3,3
812,cattlebovine,marha,5,2,3,edardobitak,11,5,6
815,bull,bika,4,2,2,bik,3,1,2
817,ox,okor,4,2,2,vol,3,1,2
818,cow,tehen,5,2,3,krava,5,2,3
819,calf,boryu,5,3,2,tele,4,2,2
820,sheep,yuh,3,2,1,ovca,4,2,2
821,sheep,birka,5,2,3,ovca,4,2,2
824,ram,kos,3,1,2,oven,4,2,2
825,ram,uru,3,2,1,oven,4,2,2
826,ram,yuh,3,2,1,oven,4,2,2
827,ram,kos,3,1,2,koc,3,1,2
828,ram,uru,3,2,1,koc,3,1,2
829,ram,yuh,3,2,1,koc,3,1,2
830,ewe,nstenyyuh,9,4,5,ovca,4,2,2
831,lamb,kisbarany,9,4,5,agne,4,2,2
832,boar,vaddiszno,9,3,6,nerez,5,2,3
833,boar,vaddiszno,9,3,6,sopar,5,2,3
834,boar,vaddiszno,9,3,6,gligan,6,2,4
835,sow,diszno,6,2,4,svinja,6,2,4
839,sow,sertes,6,2,4,svinja,6,2,4
843,sow,vet,3,1,2,svinja,6,2,4
847,sow,diszno,6,2,4,svinjamajka,11,4,7
851,sow,sertes,6,2,4,svinjamajka,11,4,7
855,sow,vet,3,1,2,svinjamajka,11,4,7
859,sow,diszno,6,2,4,seja,4,2,2
863,sow,sertes,6,2,4,seja,4,2,2
867,sow,vet,3,1,2,seja,4,2,2
943,pig,malac,5,2,3,prase,5,2,3
944,goat,keczke,6,2,4,koza,4,2,2
945,hegoat,bakkeczke,9,3,6,kozel,5,2,3
946,kid,keczkegida,10,4,6,kozle,5,2,3
947,kid,keczkegida,10,4,6,jare,4,2,2
948,horseequine,lomen,5,2,3,kon,3,1,2
949,stallion,czdor,5,1,4,zrebec,6,2,4
950,stallion,men,3,1,2,zrebec,6,2,4
953,mare,kanca,5,2,3,kobila,6,3,3
954,foal,cziko,5,2,3,konce,5,2,3
955,foal,cziko,5,2,3,zrebce,6,2,4
956,ass,szamar,6,2,4,magare,6,3,3
958,ass,szamar,6,2,4,osel,4,2,2
964,mule,oszver,6,2,4,katar,5,2,3
965,mule,oszver,6,2,4,mule,4,2,2
966,cock,kakas,5,2,3,petel,5,2,3
967,hen,tyuk,4,2,2,kokoska,7,3,4
968,chicken,czibe,5,2,3,pile,4,2,2
970,goose,liba,4,2,2,gaska,5,2,3
971,duck,kacza,5,2,3,patica,6,3,3
972,bird,madar,5,2,3,ptica,5,2,3
973,bird,madar,5,2,3,pticka,6,2,4
974,dog,kutya,5,3,2,kuce,4,2,2
975,dog,eb,2,1,1,kuce,4,2,2
976,cat,maczka,6,2,4,kotka,5,2,3
977,mouse,eger,4,2,2,miska,5,2,3
978,mouse,patkany,7,3,4,miska,5,2,3
979,mouse,eger,4,2,2,plax,4,1,3
980,mouse,patkany,7,3,4,plax,4,1,3
981,fish,hal,3,1,2,riba,4,2,2
982,wolf,farkas,6,2,4,valk,4,1,3
984,lion,oroszlan,8,3,5,lav,3,1,2
985,bear,medve,5,2,3,mecka,5,2,3
986,fox,roka,4,2,2,lisica,6,3,3
987,deer,szarvas,7,2,5,elen,4,2,2
988,deer,szarvas,7,2,5,sarna,5,2,3
989,monkey,mayom,5,3,2,majmuna,7,3,4
990,elephant,elefant,7,3,4,slon,4,1,3
991,camel,teve,4,2,2,kamila,6,3,3
993,bee,meh,3,1,2,pcela,5,2,3
994,fly,legy,4,2,2,muxa,4,2,2
996,fly,repul,5,2,3,muxa,4,2,2
998,fly,legy,4,2,2,letja,5,2,3
1000,fly,repul,5,2,3,letja,5,2,3
1010,worm,kukac,5,2,3,cervej,6,2,4
1011,worm,fereg,5,2,3,cervej,6,2,4
1012,snake,kigyo,5,3,2,zmija,5,2,3
1016,body,test,4,1,3,tjalo,5,2,3
1018,skin,br,2,0,2,koza,4,2,2
1019,flesh,hus,3,1,2,plat,4,1,3
1020,hairhead,hayszal,7,3,4,kosa,4,2,2
1022,beard,szakall,7,2,5,brada,5,2,3
1023,blood,ver,3,1,2,krav,4,1,3
1024,bone,czont,5,1,4,kost,4,1,3
1025,rib,borda,5,2,3,rebro,5,2,3
1026,horn,szarv,5,1,4,rog,3,1,2
1027,horn,kurt,4,1,3,rog,3,1,2
1028,horn,cz,2,0,2,rog,3,1,2
1029,horn,szarv,5,1,4,korna,5,2,3
1030,horn,kurt,4,1,3,korna,5,2,3
1031,horn,cz,2,0,2,korna,5,2,3
1032,horn,szarv,5,1,4,trompet,7,2,5
1033,horn,kurt,4,1,3,trompet,7,2,5
1034,horn,cz,2,0,2,trompet,7,2,5
1035,horn,szarv,5,1,4,kornet,6,2,4
1036,horn,kurt,4,1,3,kornet,6,2,4
1037,horn,cz,2,0,2,kornet,6,2,4
1074,tail,farok,5,2,3,opaska,6,3,3
1075,back,hat,3,1,2,grab,4,1,3
1079,head,fey,3,2,1,glava,5,2,3
1081,skull,koponya,7,4,3,cerep,5,2,3
1085,brain,agy,3,2,1,mozak,5,2,3
1086,face,arc,3,1,2,lice,4,2,2
1088,forehead,homlok,6,2,4,celo,4,2,2
1089,jaw,allkapocz,9,3,6,celjust,7,2,5
1091,cheek,orca,4,2,2,buza,4,2,2
1093,cheek,orca,4,2,2,strana,6,2,4
1095,chin,all,3,1,2,brada,5,2,3
1096,chin,all,3,1,2,bradicka,8,3,5
1097,eye,szem,4,1,3,oko,3,2,1
1098,eyebrow,szemoldok,9,3,6,vezda,5,2,3
1099,ear,ful,3,1,2,uxo,3,2,1
1100,nose,orr,3,1,2,nos,3,1,2
1101,mouth,szay,4,2,2,usta,4,2,2
1102,lip,ayak,4,3,1,ustna,5,2,3
1103,tongue,nyelv,5,2,3,ezik,4,2,2
1104,tooth,fog,3,1,2,zab,3,1,2
1105,neck,nyak,4,2,2,vrat,4,1,3
1106,neck,nyak,4,2,2,sija,4,2,2
1107,throat,torok,5,2,3,garlo,5,2,3
1111,shoulder,vall,4,1,3,ramo,4,2,2
1112,arm,kar,3,1,2,raka,4,2,2
1113,elbow,konyok,6,3,3,lakat,5,2,3
1114,hand,kez,3,1,2,raka,4,2,2
1115,finger,uyy,3,3,0,prast,5,1,4
1116,thumb,huvelykuyy,10,6,4,palec,5,2,3
1118,fingernail,korom,5,2,3,nokat,5,2,3
1119,leg,lab,3,1,2,krak,4,1,3
1120,leg,lab,3,1,2,noga,4,2,2
1121,knee,terd,4,1,3,koljano,7,3,4
1122,foot,lab,3,1,2,krak,4,1,3
1123,foot,lab,3,1,2,noga,4,2,2
1124,foot,lab,3,1,2,stapalo,7,3,4
1125,foot,lab,3,1,2,xodilo,6,3,3
1126,toe,labuyy,6,4,2,prastnakrak,11,3,8
1127,wing,szarny,6,2,4,krilo,5,2,3
1128,feather,toll,4,1,3,pero,4,2,2
1129,feather,toll,4,1,3,perce,5,2,3
1130,chest,mell,4,1,3,gradenkos,9,3,6
1131,chest,mell,4,1,3,gardi,5,2,3
1132,breastofwoman,mell,4,1,3,garda,5,2,3
1133,breastofwoman,mell,4,1,3,grad,4,1,3
1134,udder,tgy,3,1,2,vime,4,2,2
1136,navel,koldok,6,2,4,pap,3,1,2
1137,heart,sziv,4,1,3,sarce,5,2,3
1138,liver,may,3,2,1,cerendrob,9,3,6
1139,stomach,gyomor,6,3,3,stomax,6,2,4
1141,stomach,gyomor,6,3,3,korem,5,2,3
1159,womb,anyameh,7,4,3,utroba,6,3,3
1160,womb,anyameh,7,4,3,matka,5,2,3
1163,testicle,here,4,2,2,testikul,8,3,5
1166,testicle,here,4,2,2,testis,6,2,4
1169,penis,penisz,6,2,4,penis,5,2,3
1170,penis,penisz,6,2,4,clen,4,1,3
1171,breathe,legelzik,8,3,5,disam,5,2,3
1173,breathe,legezes,7,3,4,disam,5,2,3
1175,breathe,legelzik,8,3,5,dax,3,1,2
1177,breathe,legezes,7,3,4,dax,3,1,2
1179,yawn,cisit,5,2,3,prozjavamse,11,4,7
1180,yawn,cisit,5,2,3,prozinase,9,4,5
1181,yawn,cisit,5,2,3,prozjavka,9,3,6
1185,cough,kohog,5,2,3,kasljam,7,2,5
1186,sneeze,tuszszent,9,2,7,kixam,5,2,3
1187,sneeze,tuszszent,9,2,7,kixvam,6,2,4
1188,perspire,izzad,5,2,3,potjase,7,3,4
1190,spit,kop,3,1,2,pljuja,6,2,4
1191,spit,kop,3,1,2,pljuvam,7,2,5
1192,spit,kop,3,1,2,xraca,5,2,3
1196,vomit,kihany,6,3,3,povrastam,9,3,6
1198,vomit,okadik,6,3,3,povrastam,9,3,6
1204,bite,harap,5,2,3,xapja,5,2,3
1205,bite,harap,5,2,3,uxapvam,7,3,4
1206,lick,nyal,4,2,2,liza,4,2,2
1207,lick,nyal,4,2,2,lizvam,6,2,4
1208,lick,nyal,4,2,2,blizvam,7,2,5
1212,sleep,alszik,6,2,4,spja,4,1,3
1216,dream,almodik,7,3,4,sanuvam,7,3,4
1217,wakeup,ebred,5,2,3,budjase,7,3,4
1218,wakeup,ebred,5,2,3,sabuzdam,8,3,5
1219,breakwind,szellent,8,2,6,pardja,6,2,4
1220,urinate,vizel,5,2,3,uriniram,8,4,4
1222,urinate,vizel,5,2,3,pikaja,6,3,3
1224,defecate,belsar,6,2,4,izxvarljam,10,3,7
1226,havesexualintercourse,kozosul,7,3,4,imampolovisnosenija,19,9,10
1228,begetoffather,szuletik,8,3,5,sazdavam,8,3,5
1229,borntobe,szul,4,1,3,razdamse,8,3,5
1231,pregnant,terhes,6,2,4,bremenna,8,3,5
1233,pregnant,allapotos,9,4,5,bremenna,8,3,5
1239,live,el,2,1,1,zeveja,6,3,3
1244,live,elet,4,2,2,zeveja,6,3,3
1249,live,el,2,1,1,ziv,3,1,2
1254,live,elet,4,2,2,ziv,3,1,2
1259,live,el,2,1,1,zivot,5,2,3
1264,live,elet,4,2,2,zivot,5,2,3
1329,die,meghal,6,2,4,umiram,6,3,3
1332,die,halott,6,2,4,umiram,6,3,3
1335,die,meghal,6,2,4,martav,6,2,4
1338,die,halott,6,2,4,martav,6,2,4
1341,die,meghal,6,2,4,umrjal,6,2,4
1344,die,halott,6,2,4,umrjal,6,2,4
1383,kill,megol,5,2,3,ubivam,6,3,3
1385,corpse,hulla,5,2,3,trup,4,1,3
1387,corpse,tetem,5,2,3,trup,4,1,3
1397,burythedead,eltemet,7,3,4,pogrebvam,9,3,6
1399,grave,sir,3,1,2,grob,4,1,3
1403,strong,ers,3,1,2,silen,5,2,3
1405,strong,hatalmas,8,3,5,silen,5,2,3
1407,strong,ers,3,1,2,mosten,6,2,4
1409,strong,hatalmas,8,3,5,mosten,6,2,4
1419,weak,gyenge,6,3,3,slab,4,1,3
1420,well,egeszseges,10,4,6,zdrav,5,1,4
1422,well,egeszseg,8,3,5,zdrav,5,1,4
1424,well,egeszseges,10,4,6,zdrave,6,2,4
1426,well,egeszseg,8,3,5,zdrave,6,2,4
1436,sick,beteg,5,2,3,bolen,5,2,3
1438,sick,betegseg,8,3,5,bolen,5,2,3
1440,sick,beteg,5,2,3,bolest,6,2,4
1442,sick,betegseg,8,3,5,bolest,6,2,4
1452,wound,seb,3,1,2,rana,4,2,2
1453,wound,seb,3,1,2,jazva,5,2,3
1454,cure,apol,4,2,2,lekuvam,7,3,4
1456,cure,kezel,5,2,3,lekuvam,7,3,4
1462,physician,orvos,5,2,3,lekar,5,2,3
1463,physician,orvos,5,2,3,doktor,6,2,4
1466,medicine,orvossag,8,3,5,lekarstvo,9,3,6
1469,medicine,orvossag,8,3,5,lek,3,1,2
1478,poison,mereg,5,2,3,otrova,6,3,3
1480,tired,faradt,6,2,4,umoren,6,3,3
1481,tired,kimerult,8,3,5,umoren,6,3,3
1482,tired,faradt,6,2,4,izmoren,7,3,4
1483,tired,kimerult,8,3,5,izmoren,7,3,4
1484,lazy,lusta,5,2,3,marzeliv,8,3,5
1488,bald,kopasz,6,2,4,plesiv,6,2,4
1492,lame,santa,5,2,3,kuc,3,1,2
1493,lame,santa,5,2,3,xrom,4,1,3
1494,lame,santa,5,2,3,okucjal,7,3,4
1495,lame,santa,5,2,3,sakat,5,2,3
1496,lame,santa,5,2,3,osakatjal,9,4,5
1497,deaf,suket,5,2,3,glux,4,1,3
1499,mute,nema,4,2,2,njam,4,1,3
1502,blind,vak,3,1,2,sljap,5,1,4
1504,intoxicated,reszeg,6,2,4,opijanen,8,4,4
1505,intoxicated,reszeg,6,2,4,pijan,5,2,3
1506,naked,meztelen,8,3,5,gol,3,1,2
1507,naked,pucer,5,2,3,gol,3,1,2
1508,eat,eszik,5,2,3,jam,3,1,2
1509,eat,eszik,5,2,3,xranjase,8,3,5
1510,food,etel,4,2,2,xrana,5,2,3
1514,green,zold,4,1,3,zelen,5,2,3
1515,green,nyers,5,2,3,zelen,5,2,3
1516,green,zold,4,1,3,neuzrjal,8,3,5
1517,green,nyers,5,2,3,neuzrjal,8,3,5
1530,drink,iszik,5,2,3,pija,4,2,2
1531,hunger,ehseg,5,2,3,glad,4,1,3
1532,thirst,szomyusag,9,4,5,zazda,5,2,3
1533,suck,sziv,4,1,3,suca,4,2,2
1534,suck,sziv,4,1,3,smuca,5,2,3
1535,suck,sziv,4,1,3,smukvam,7,2,5
1536,cook,fz,2,0,2,gotvja,6,2,4
1538,cook,fz,2,0,2,sgotvjam,8,2,6
1540,boil,forral,6,2,4,varja,5,2,3
1541,boil,forral,6,2,4,svarjavam,9,3,6
1544,roast,sut,3,1,2,peka,4,2,2
1546,roast,sut,3,1,2,izpicam,7,3,4
1548,roast,sut,3,1,2,parza,5,2,3
1556,bake,sut,3,1,2,peka,4,2,2
1558,oven,tzhely,6,2,4,furna,5,2,3
1559,oven,kalyha,6,3,3,furna,5,2,3
1562,pot,edeny,5,3,2,tendzera,8,3,5
1563,pot,fazek,5,2,3,tendzera,8,3,5
1568,kettle,ust,3,1,2,bakar,5,2,3
1569,kettle,ust,3,1,2,kotel,5,2,3
1570,kettle,ust,3,1,2,cajnik,6,2,4
1574,pan,serpeny,7,3,4,tigan,5,2,3
1577,pan,serpeny,7,3,4,tava,4,2,2
1580,pan,serpeny,7,3,4,tavicka,7,3,4
1583,pan,serpeny,7,3,4,gjuvec,6,2,4
1586,dish,edeny,5,3,2,panica,6,3,3
1587,dish,edeny,5,3,2,cinija,6,3,3
1590,bowl,tal,3,1,2,kupa,4,2,2
1592,bowl,tal,3,1,2,panica,6,3,3
1602,pitcher,koczog,6,2,4,kana,4,2,2
1603,pitcher,korso,5,2,3,kana,4,2,2
1604,pitcher,koczog,6,2,4,stomna,6,2,4
1605,pitcher,korso,5,2,3,stomna,6,2,4
1614,cup,czesze,6,2,4,casa,4,2,2
1616,cup,czesze,6,2,4,caska,5,2,3
1622,spoon,kanal,5,2,3,lazica,6,3,3
1623,knife,kes,3,1,2,noz,3,1,2
1624,fork,villa,5,2,3,vilica,6,3,3
1626,fork,villa,5,2,3,vilazaseno,10,5,5
1636,meala,etkezes,7,3,4,jadene,6,3,3
1638,breakfast,reggeli,7,3,4,zakuska,7,3,4
1639,breakfast,tizorai,7,4,3,zakuska,7,3,4
1640,lunch,loncz,5,1,4,obed,4,2,2
1641,lunch,etkezes,7,3,4,obed,4,2,2
1642,dinner,ebed,4,2,2,obed,4,2,2
1644,dinner,ebed,4,2,2,vecerja,7,3,4
1654,supper,vaczora,7,3,4,vecerja,7,3,4
1657,bread,kenyer,6,3,3,xljab,5,1,4
1658,dough,teszta,6,2,4,testo,5,2,3
1659,knead,dagaszt,7,2,5,mesja,5,2,3
1660,knead,gyur,4,2,2,mesja,5,2,3
1661,knead,dagaszt,7,2,5,zamesvam,8,3,5
1662,knead,gyur,4,2,2,zamesvam,8,3,5
1663,knead,dagaszt,7,2,5,mackam,6,2,4
1664,knead,gyur,4,2,2,mackam,6,2,4
1671,meal,liszt,5,1,4,brasno,6,2,4
1672,crush,rol,3,1,2,smackvam,8,2,6
1673,crush,daral,5,2,3,smackvam,8,2,6
1674,crush,rol,3,1,2,melja,5,2,3
1675,crush,daral,5,2,3,melja,5,2,3
1676,mill,malom,5,2,3,melnica,7,3,4
1678,mill,malom,5,2,3,vodenica,8,4,4
1680,meat,hus,3,1,2,meso,4,2,2
1681,sausage,kolbaszfeleseg,14,5,9,nadenica,8,4,4
1682,sausage,hurka,5,2,3,nadenica,8,4,4
1683,sausage,kolbaszfeleseg,14,5,9,sudzuk,6,2,4
1684,sausage,hurka,5,2,3,sudzuk,6,2,4
1685,sausage,kolbaszfeleseg,14,5,9,lukanka,7,3,4
1686,sausage,hurka,5,2,3,lukanka,7,3,4
1687,sausage,kolbaszfeleseg,14,5,9,salam,5,2,3
1688,sausage,hurka,5,2,3,salam,5,2,3
1697,soup,leves,5,2,3,supa,4,2,2
1699,soup,leves,5,2,3,buljon,6,2,4
1705,vegetables,zoldsegfelek,12,4,8,zelencuk,8,3,5
1707,vegetables,zoldsegfelek,12,4,8,zelencuci,9,4,5
1713,bean,bab,3,1,2,bob,3,1,2
1714,bean,paszuly,7,3,4,bob,3,1,2
1715,bean,bab,3,1,2,fasul,5,2,3
1716,bean,paszuly,7,3,4,fasul,5,2,3
1725,potato,burgonya,8,4,4,kartof,6,2,4
1726,potato,krumpli,7,2,5,kartof,6,2,4
1729,fruit,gyumolcz,8,3,5,plod,4,1,3
1733,fig,fuge,4,2,2,smokinja,8,3,5
1734,grape,szl,3,0,3,grozde,6,2,4
1735,olive,olayfa,6,4,2,maslina,7,3,4
1736,olive,oliva,5,3,2,maslina,7,3,4
1737,oil,olay,4,3,1,maslo,5,2,3
1738,oil,olay,4,3,1,olio,4,3,1
1739,salt,so,2,1,1,sol,3,1,2
1740,pepper,bors,4,1,3,piper,5,2,3
1741,pepper,bors,4,1,3,cerpiper,8,3,5
1742,pepper,bors,4,1,3,cuska,5,2,3
1743,pepper,bors,4,1,3,piperka,7,3,4
1744,honey,mez,3,1,2,med,3,1,2
1745,sugar,cukor,5,2,3,zaxar,5,2,3
1746,milknoun,tey,3,2,1,mljako,6,2,4
1747,milk,fey,3,2,1,doja,4,2,2
1748,cheese,sayt,4,2,2,sirene,6,3,3
1749,cheese,sayt,4,2,2,kaskaval,8,3,5
1750,butter,vay,3,2,1,maslo,5,2,3
1751,wine,bor,3,1,2,vino,4,2,2
1752,beer,sor,3,1,2,bira,4,2,2
1753,putonclothes,feloltozik,10,4,6,oblicam,7,3,4
1754,clothing,ruha,4,2,2,obleklo,7,3,4
1756,clothing,oltony,6,3,3,obleklo,7,3,4
1758,clothing,ruha,4,2,2,drexi,5,2,3
1760,clothing,oltony,6,3,3,drexi,5,2,3
1770,tailor,szabo,5,2,3,sivac,5,2,3
1771,tailor,szabo,5,2,3,krojac,6,2,4
1776,cloth,szovet,6,2,4,plat,4,1,3
1779,cloth,vaszon,6,2,4,plat,4,1,3
1782,cloth,szovet,6,2,4,platno,6,2,4
1785,cloth,vaszon,6,2,4,platno,6,2,4
1788,cloth,szovet,6,2,4,takan,5,2,3
1791,cloth,vaszon,6,2,4,takan,5,2,3
1794,cloth,szovet,6,2,4,sukno,5,2,3
1797,cloth,vaszon,6,2,4,sukno,5,2,3
1800,cloth,szovet,6,2,4,karpa,5,2,3
1803,cloth,vaszon,6,2,4,karpa,5,2,3
1836,wool,gyapyu,6,4,2,valna,5,2,3
1838,linen,lenvaszon,9,3,6,len,3,1,2
1840,linen,gyolcz,6,2,4,len,3,1,2
1842,linen,len,3,1,2,len,3,1,2
1850,cotton,gyapot,6,3,3,pamuk,5,2,3
1851,cotton,pamut,5,2,3,pamuk,5,2,3
1852,silk,selyem,6,3,3,koprina,7,3,4
1853,felt,nemez,5,2,3,filc,4,1,3
1854,felt,filc,4,1,3,filc,4,1,3
1855,felt,nemez,5,2,3,fjotar,6,2,4
1856,felt,filc,4,1,3,fjotar,6,2,4
1857,felt,nemez,5,2,3,plast,5,1,4
1858,felt,filc,4,1,3,plast,5,1,4
1859,felt,nemez,5,2,3,kece,4,2,2
1860,felt,filc,4,1,3,kece,4,2,2
1869,fur,szrme,5,1,4,kozaskozina,11,5,6
1870,fur,prem,4,1,3,kozaskozina,11,5,6
1871,leather,br,2,0,2,obrabotenakoza,14,7,7
1872,spin,fon,3,1,2,preda,5,2,3
1873,spin,fon,3,1,2,izpridam,8,3,5
1876,spindle,orso,4,2,2,vreteno,7,3,4
1878,weave,sz,2,0,2,taka,4,2,2
1880,weave,fon,3,1,2,taka,4,2,2
1882,weave,sz,2,0,2,pleta,5,2,3
1884,weave,fon,3,1,2,pleta,5,2,3
1910,loom,szovgep,7,2,5,takacenstan,11,4,7
1911,loom,kotgep,6,2,4,takacenstan,11,4,7
1916,sew,varr,4,1,3,sija,4,2,2
1917,needle,tu,2,1,1,igla,4,2,2
1918,awl,ar,2,1,1,silo,4,2,2
1921,thread,fonal,5,2,3,konec,5,2,3
1922,thread,szal,4,1,3,konec,5,2,3
1923,dye,fest,4,1,3,bojadisvam,10,4,6
1925,dye,fest,4,1,3,boja,4,2,2
1927,cloak,pelerin,7,3,4,plast,5,1,4
1928,cloak,kopeny,6,3,3,plast,5,1,4
1929,cloak,pelerin,7,3,4,mantija,7,3,4
1930,cloak,kopeny,6,3,3,mantija,7,3,4
1931,cloak,pelerin,7,3,4,pelerina,8,4,4
1932,cloak,kopeny,6,3,3,pelerina,8,4,4
1933,cloak,pelerin,7,3,4,nametka,7,3,4
1934,cloak,kopeny,6,3,3,nametka,7,3,4
1935,cloak,pelerin,7,3,4,nametalo,8,4,4
1936,cloak,kopeny,6,3,3,nametalo,8,4,4
1937,coat,zako,4,2,2,palto,5,2,3
1939,shirt,ing,3,1,2,riza,4,2,2
1941,collar,galler,6,2,4,jaka,4,2,2
1943,collar,galler,6,2,4,jakicka,7,3,4
1945,skirt,szoknya,7,3,4,pola,4,2,2
1949,trousers,nadrag,6,2,4,pantaloni,9,4,5
1950,stocking,zokni,5,2,3,dalag,5,2,3
1951,stocking,harisnya,8,4,4,dalag,5,2,3
1952,stocking,zokni,5,2,3,kascorap,8,3,5
1953,stocking,harisnya,8,4,4,kascorap,8,3,5
1954,shoe,cip,3,1,2,obuvka,6,3,3
1956,boot,czizma,6,2,4,botus,5,2,3
1959,shoemaker,cipesz,6,2,4,obustar,7,3,4
1960,shoemaker,cipesz,6,2,4,karpac,6,2,4
1961,shoemaker,cipesz,6,2,4,karpja,6,2,4
1962,hat,kalap,5,2,3,sapka,5,2,3
1964,hat,sapka,5,2,3,sapka,5,2,3
1966,hat,kalap,5,2,3,kasket,6,2,4
1968,hat,sapka,5,2,3,kasket,6,2,4
1970,hat,kalap,5,2,3,kepe,4,2,2
1972,hat,sapka,5,2,3,kepe,4,2,2
1974,belt,ov,2,1,1,kolan,5,2,3
1977,belt,ov,2,1,1,pojas,5,2,3
1986,glove,keszty,6,2,4,rakavica,8,4,4
1987,veil,fatyol,6,3,3,voal,4,2,2
1988,veil,fatyol,6,3,3,bulo,4,2,2
1993,pocket,zseb,4,1,3,dzob,4,1,3
1994,button,gomb,4,1,3,kopce,5,2,3
1998,pin,gombost,7,2,5,toplijka,8,3,5
1999,pin,gombost,7,2,5,karfica,7,3,4
2000,ornament,disz,4,1,3,ukrasenie,9,5,4
2001,ornament,disz,4,1,3,ornament,8,3,5
2004,jewel,ekszer,6,2,4,skapocennost,12,4,8
2005,jewel,ekszer,6,2,4,bizu,4,2,2
2006,ringforfinger,gyr,3,1,2,prasten,7,2,5
2007,bracelet,karkot,6,2,4,grivna,6,2,4
2009,necklace,nyakek,6,3,3,gerdan,6,2,4
2011,necklace,nyaklanc,8,3,5,gerdan,6,2,4
2013,necklace,nyakek,6,3,3,kolie,5,3,2
2015,necklace,nyaklanc,8,3,5,kolie,5,3,2
2017,necklace,nyakek,6,3,3,ogarlica,8,4,4
2019,necklace,nyaklanc,8,3,5,ogarlica,8,4,4
2045,handkerchief,zsebkend,8,2,6,nosnakarpa,10,4,6
2047,handkerchief,zsebkend,8,2,6,parcal,6,2,4
2049,towel,kend,4,1,3,karpa,5,2,3
2051,towel,szalveta,8,3,5,karpa,5,2,3
2061,comb,fes,3,1,2,greben,6,2,4
2062,brush,kefe,4,2,2,cetka,5,2,3
2063,razor,borotva,7,3,4,brasnac,7,2,5
2064,ointment,kencz,5,1,4,mexlem,6,2,4
2066,ointment,krem,4,1,3,mexlem,6,2,4
2068,ointment,kencz,5,1,4,mazilo,6,3,3
2070,ointment,krem,4,1,3,mazilo,6,3,3
2072,ointment,kencz,5,1,4,krem,4,1,3
2074,ointment,krem,4,1,3,krem,4,1,3
2076,soap,szappan,7,2,5,sapun,5,2,3
2077,mirror,tukor,5,2,3,ogledalo,8,4,4
2078,dwell,lakik,5,2,3,ziveja,6,3,3
2080,dwell,el,2,1,1,ziveja,6,3,3
2082,dwell,lakik,5,2,3,obitavam,8,4,4
2084,dwell,el,2,1,1,obitavam,8,4,4
2086,house,haz,3,1,2,kasta,5,2,3
2087,house,haz,3,1,2,dom,3,1,2
2090,hut,kunyho,6,3,3,koliba,6,3,3
2092,hut,visko,5,2,3,koliba,6,3,3
2094,hut,vityillo,8,4,4,koliba,6,3,3
2096,hut,kunyho,6,3,3,xiza,4,2,2
2098,hut,visko,5,2,3,xiza,4,2,2
2100,hut,vityillo,8,4,4,xiza,4,2,2
2114,tent,sator,5,2,3,palatka,7,3,4
2116,yard,udvar,5,2,3,dvor,4,1,3
2117,room,szoba,5,2,3,staja,5,2,3
2121,door,ayto,4,3,1,vrata,5,2,3
2123,door,kapu,4,2,2,vrata,5,2,3
2125,door,ayto,4,3,1,porta,5,2,3
2127,door,kapu,4,2,2,porta,5,2,3
2129,door,ayto,4,3,1,vratnja,7,2,5
2131,door,kapu,4,2,2,vratnja,7,2,5
2133,door,ayto,4,3,1,vratnik,7,2,5
2135,door,kapu,4,2,2,vratnik,7,2,5
2153,locknoun,zar,3,1,2,brava,5,2,3
2154,locknoun,lakat,5,2,3,brava,5,2,3
2155,locknoun,zar,3,1,2,kljucalka,9,3,6
2156,locknoun,lakat,5,2,3,kljucalka,9,3,6
2157,locknoun,zar,3,1,2,kofar,5,2,3
2158,locknoun,lakat,5,2,3,kofar,5,2,3
2159,key,kulcz,5,1,4,kljuc,5,1,4
2161,window,ablak,5,2,3,prozorec,8,3,5
2163,floor,padlo,5,2,3,pod,3,1,2
2165,wall,fal,3,1,2,stena,5,2,3
2167,fireplace,kandallo,8,3,5,kamina,6,3,3
2169,fireplace,tzhely,6,2,4,kamina,6,3,3
2171,fireplace,kandallo,8,3,5,ogniste,7,3,4
2173,fireplace,tzhely,6,2,4,ogniste,7,3,4
2175,stove,tzhely,6,2,4,pecka,5,2,3
2176,stove,kalyha,6,3,3,pecka,5,2,3
2179,chimney,cz,2,0,2,komin,5,2,3
2180,bed,agy,3,2,1,leglo,5,2,3
2182,chair,szek,4,1,3,stol,4,1,3
2183,table,asztal,6,2,4,masa,4,2,2
2186,lamp,lampa,5,2,3,lampa,5,2,3
2187,lamp,lampa,5,2,3,fakel,5,2,3
2190,candle,gyertya,7,4,3,svest,5,1,4
2192,farmer,foldmves,8,2,6,zemedelec,9,4,5
2194,farmer,paraszt,7,2,5,zemedelec,9,4,5
2196,farmer,foldmves,8,2,6,zemedelskistopanin,18,7,11
2198,farmer,paraszt,7,2,5,zemedelskistopanin,18,7,11
2200,farmer,foldmves,8,2,6,fermer,6,2,4
2202,farmer,paraszt,7,2,5,fermer,6,2,4
2204,fieldforcultivation,szantofold,10,3,7,niva,4,2,2
2205,garden,kert,4,1,3,gradina,7,3,4
2206,garden,gyumolczos,10,4,6,gradina,7,3,4
2211,cultivate,megmvel,7,2,5,obrabotvam,10,4,6
2212,cultivate,megmvel,7,2,5,kultiviram,10,4,6
2213,cultivate,megmvel,7,2,5,ora,3,2,1
2217,plow,felszant,8,2,6,izoravam,8,4,4
2219,plow,felszant,8,2,6,ora,3,2,1
2221,plow,felszant,8,2,6,plug,4,1,3
2223,plow,felszant,8,2,6,ralo,4,2,2
2233,furrow,barazda,7,3,4,brazda,6,2,4
2236,dig,felas,5,2,3,kopaja,6,3,3
2238,spade,aso,3,2,1,lizgar,6,2,4
2239,spade,aso,3,2,1,bel,3,1,2
2240,spade,aso,3,2,1,lopata,6,3,3
2244,shovel,lapat,5,2,3,lopata,6,3,3
2246,hoe,kapa,4,2,2,motika,6,3,3
2248,rake,gereblye,8,4,4,greblo,6,2,4
2249,rake,gereblye,8,4,4,tarmak,6,2,4
2254,mow,learat,6,3,3,kosja,5,2,3
2256,mow,lekaszal,8,3,5,kosja,5,2,3
2258,mow,learat,6,3,3,zana,4,2,2
2260,mow,lekaszal,8,3,5,zana,4,2,2
2270,sickle,sarlo,5,2,3,sarp,4,1,3
2272,sickle,kasza,5,2,3,sarp,4,1,3
2274,sickle,sarlo,5,2,3,kosa,4,2,2
2276,sickle,kasza,5,2,3,kosa,4,2,2
2294,thresh,kiczepel,8,3,5,varseja,7,3,4
2295,threshingfloor,szerskert,9,2,7,gumno,5,2,3
2296,threshingfloor,szerskert,9,2,7,xarman,6,2,4
2297,crop,aratas,6,3,3,rekolta,7,3,4
2299,crop,termes,6,2,4,rekolta,7,3,4
2305,grainbarley,gabona,6,3,3,zarno,5,2,3
2306,grainbarley,termeny,7,3,4,zarno,5,2,3
2307,wheat,buza,4,2,2,psenica,7,3,4
2308,wheat,buza,4,2,2,zito,4,2,2
2309,barley,arpa,4,2,2,ecemik,6,3,3
2310,barley,arpa,4,2,2,ecmik,5,2,3
2311,rye,rozs,4,1,3,raz,3,1,2
2312,oats,zab,3,1,2,oves,4,2,2
2313,maize,kukorica,8,4,4,carevica,8,4,4
2314,rice,rizs,4,1,3,oriz,4,2,2
2315,grass,f,1,0,1,treva,5,2,3
2316,hay,szena,5,2,3,seno,4,2,2
2317,plantnoun,noveny,6,3,3,rastenie,8,4,4
2319,root,gyoker,6,3,3,koren,5,2,3
2320,root,t,1,0,1,koren,5,2,3
2321,branch,ag,2,1,1,klon,4,1,3
2323,leaf,falevel,7,3,4,list,4,1,3
2324,leaf,lomb,4,1,3,list,4,1,3
2325,leaf,falevel,7,3,4,listo,5,2,3
2326,leaf,lomb,4,1,3,listo,5,2,3
2331,flower,virag,5,2,3,cvete,5,2,3
2332,oak,tolgyfa,7,3,4,dab,3,1,2
2334,beech,bukkfa,6,2,4,buk,3,1,2
2335,beech,bukkfa,6,2,4,buka,4,2,2
2336,birch,nyirfa,6,3,3,breza,5,2,3
2337,pine,erdeifeny,9,5,4,bor,3,1,2
2338,fir,luceny,6,3,3,ela,3,2,1
2339,acorn,makk,4,1,3,zelad,5,2,3
2341,vine,szl,3,0,3,loza,4,2,2
2345,tobacco,dohany,6,3,3,tjutjun,7,2,5
2346,smoketobacco,dohanyzik,9,4,5,pusa,4,2,2
2347,do,tesz,4,1,3,pravja,6,2,4
2348,do,czinal,6,2,4,pravja,6,2,4
2349,do,keszit,6,2,4,pravja,6,2,4
2350,do,tesz,4,1,3,napravja,8,3,5
2351,do,czinal,6,2,4,napravja,8,3,5
2352,do,keszit,6,2,4,napravja,8,3,5
2353,work,dolgozik,8,3,5,rabotja,7,3,4
2356,bend,haylit,6,3,3,izvivam,7,3,4
2358,bend,haylit,6,3,3,svivam,6,2,4
2360,bend,haylit,6,3,3,nagarbvam,9,3,6
2368,fold,haytogat,8,4,4,sgavam,6,2,4
2369,fold,haytogat,8,4,4,nagavam,7,3,4
2370,fold,haytogat,8,4,4,svivam,6,2,4
2374,tie,kot,3,1,2,vrazvam,7,2,5
2375,chain,lanc,4,1,3,veriga,6,3,3
2378,rope,kotel,5,2,3,vaze,4,2,2
2381,rope,kotel,5,2,3,vazence,7,3,4
2384,rope,kotel,5,2,3,vrav,4,1,3
2396,knotnoun,czomo,5,2,3,vazel,5,2,3
2399,strikehit,ut,2,1,1,udrjam,6,2,4
2401,strikehit,ver,3,1,2,udrjam,6,2,4
2403,strikehit,czap,4,1,3,udrjam,6,2,4
2405,strikehit,ut,2,1,1,bija,4,2,2
2407,strikehit,ver,3,1,2,bija,4,2,2
2409,strikehit,czap,4,1,3,bija,4,2,2
2423,cut,elvag,5,2,3,reza,4,2,2
2424,scissors,ollo,4,2,2,nozica,6,3,3
2425,scissors,ollo,4,2,2,nozici,6,3,3
2426,ax,balta,5,2,3,bradva,6,2,4
2428,ax,feysze,6,3,3,bradva,6,2,4
2430,break,eltor,5,2,3,cupjase,7,3,4
2432,break,eltor,5,2,3,scupvam,7,2,5
2434,break,eltor,5,2,3,razbivam,8,3,5
2436,split,elhasit,7,3,4,cepjase,7,3,4
2437,split,feloszta,8,3,5,cepjase,7,3,4
2438,split,elhasada,8,4,4,cepjase,7,3,4
2439,split,elhasit,7,3,4,razcepvam,9,3,6
2440,split,feloszta,8,3,5,razcepvam,9,3,6
2441,split,elhasada,8,4,4,razcepvam,9,3,6
2442,tear,tep,3,1,2,kasamse,7,3,4
2443,tear,tep,3,1,2,skasvam,7,2,5
2448,flay,megnyuz,7,3,4,odiram,6,3,3
2449,flay,lehant,6,2,4,odiram,6,3,3
2450,rub,dorzol,6,2,4,trija,5,2,3
2451,rub,dorzol,6,2,4,barsa,5,2,3
2452,stretch,megnyuyt,8,4,4,raztjagam,9,3,6
2453,stretch,megnyuyt,8,4,4,prostiram,9,3,6
2458,pull,huz,3,1,2,darpam,6,2,4
2459,spreadout,leterit,7,3,4,prostiram,9,3,6
2465,press,megnyom,7,3,4,natiskam,8,3,5
2466,press,megszorit,9,3,6,natiskam,8,3,5
2467,press,megnyom,7,3,4,stiskam,7,2,5
2468,press,megszorit,9,3,6,stiskam,7,2,5
2469,pour,ont,3,1,2,leja,4,2,2
2471,pour,omlik,5,2,3,leja,4,2,2
2473,pour,ont,3,1,2,nalivam,7,3,4
2475,pour,omlik,5,2,3,nalivam,7,3,4
2477,wash,mos,3,1,2,mijase,6,3,3
2479,wash,mos,3,1,2,pera,4,2,2
2481,sweep,sopor,5,2,3,meta,4,2,2
2482,sweep,elsodor,7,3,4,meta,4,2,2
2483,broom,sepr,4,1,3,metla,5,2,3
2484,broom,rekettye,8,4,4,metla,5,2,3
2485,tool,szerszam,8,2,6,secivoinstrument,16,6,10
2486,carpenter,acz,3,1,2,darvodelec,10,4,6
2488,carpenter,acz,3,1,2,dogramadzija,12,5,7
2494,build,epit,4,2,2,stroja,6,2,4
2496,build,epit,4,2,2,gradja,6,2,4
2502,bore,fur,3,1,2,provartjavam,12,4,8
2503,bore,fur,3,1,2,probivam,8,3,5
2508,saw,fresz,5,1,4,trion,5,2,3
2509,hammer,kalapacz,8,3,5,cuk,3,1,2
2511,nail,szeg,4,1,3,gvozdej,7,2,5
2512,nail,szeg,4,1,3,piron,5,2,3
2513,smith,kovacz,6,2,4,kovac,5,2,3
2517,forge,kovaczol,8,3,5,kova,4,2,2
2518,forge,kovaczol,8,3,5,kovacnica,9,4,5
2519,anvil,ull,3,1,2,nakovalnja,10,4,6
2521,castmetals,ont,3,1,2,leja,4,2,2
2522,castmetals,ont,3,1,2,otlivam,7,3,4
2523,gold,arany,5,3,2,zlato,5,2,3
2524,silver,ezust,5,2,3,srebro,6,2,4
2526,copper,vorosrez,8,3,5,med,3,1,2
2529,copper,bronz,5,1,4,med,3,1,2
2532,copper,vorosrez,8,3,5,bakar,5,2,3
2535,copper,bronz,5,1,4,bakar,5,2,3
2538,copper,vorosrez,8,3,5,bronz,5,1,4
2541,copper,bronz,5,1,4,bronz,5,1,4
2562,iron,vas,3,1,2,zeljazo,7,3,4
2563,leadnoun,olom,4,2,2,olovo,5,3,2
2564,tin,on,2,1,1,kalaj,5,2,3
2566,tin,on,2,1,1,teneke,6,3,3
2568,tin,on,2,1,1,tenekija,8,4,4
2576,potter,fazekas,7,3,4,grancar,7,2,5
2580,clay,agyag,5,3,2,glina,5,2,3
2583,clay,agyag,5,3,2,prat,4,1,3
2604,glass,uveg,4,2,2,staklo,6,2,4
2606,basket,kosar,5,2,3,kosnica,7,3,4
2610,carve,farag,5,2,3,dalbaja,7,3,4
2611,carve,farag,5,2,3,izrjazvam,9,3,6
2612,carve,farag,5,2,3,izvajvam,8,3,5
2616,sculptor,szobrasz,8,2,6,skulptor,8,2,6
2617,sculptor,szobrasz,8,2,6,vajatel,7,3,4
2622,statue,szobor,6,2,4,statuja,7,3,4
2623,statue,szobor,6,2,4,izvajanie,9,5,4
2626,chisel,ves,3,1,2,dleto,5,2,3
2627,paintnoun,szin,4,1,3,boja,4,2,2
2628,paintnoun,festek,6,2,4,boja,4,2,2
2629,paint,fest,4,1,3,risuvam,7,3,4
2631,paint,mazol,5,2,3,risuvam,7,3,4
2633,paint,fest,4,1,3,bojadisvam,10,4,6
2635,paint,mazol,5,2,3,bojadisvam,10,4,6
2637,move,mozdit,6,2,4,dvizase,7,3,4
2638,move,mozdit,6,2,4,mestjase,8,3,5
2641,turnover,megfordul,9,3,6,obrastam,8,3,5
2642,turnover,felborit,8,3,5,obrastam,8,3,5
2643,turnover,megfordul,9,3,6,preobrastam,11,4,7
2644,turnover,felborit,8,3,5,preobrastam,11,4,7
2645,turnover,megfordul,9,3,6,prekaturvam,11,4,7
2646,turnover,felborit,8,3,5,prekaturvam,11,4,7
2647,turnaround,megfordit,9,3,6,obrastam,8,3,5
2649,roll,felczavar,9,3,6,tarkaljam,9,3,6
2650,roll,gordul,6,2,4,tarkaljam,9,3,6
2651,roll,felczavar,9,3,6,valjamse,8,3,5
2652,roll,gordul,6,2,4,valjamse,8,3,5
2653,rise,felszall,8,2,6,izdigam,7,3,4
2655,rise,felkel,6,2,4,izdigam,7,3,4
2657,rise,felszall,8,2,6,vdigam,6,2,4
2659,rise,felkel,6,2,4,vdigam,6,2,4
2661,rise,felszall,8,2,6,stavam,6,2,4
2663,rise,felkel,6,2,4,stavam,6,2,4
2665,raise,emel,4,2,2,vdigam,6,2,4
2666,raise,emel,4,2,2,digam,5,2,3
2667,raise,emel,4,2,2,povdigam,8,3,5
2668,raise,emel,4,2,2,izdigam,7,3,4
2669,raise,emel,4,2,2,izpravjam,9,3,6
2670,fall,esik,4,2,2,padam,5,2,3
2673,drip,czepereg,8,3,5,kapja,5,2,3
2675,throw,dob,3,1,2,xvarljam,8,2,6
2676,throw,vet,3,1,2,xvarljam,8,2,6
2679,shake,raz,3,1,2,klatjase,8,3,5
2680,shake,raz,3,1,2,poklastam,9,3,6
2681,shake,raz,3,1,2,razklastam,10,3,7
2682,shake,raz,3,1,2,raztarsvam,10,3,7
2683,shake,raz,3,1,2,tresase,7,3,4
2694,flow,folyik,6,3,3,teka,4,2,2
2695,flow,omlik,5,2,3,teka,4,2,2
2696,flow,folyik,6,3,3,vlivam,6,2,4
2697,flow,omlik,5,2,3,vlivam,6,2,4
2702,sink,beft,4,1,3,potavam,7,3,4
2705,float,uszik,5,2,3,plavam,6,2,4
2706,float,furdik,6,2,4,plavam,6,2,4
2707,float,uszik,5,2,3,pluvam,6,2,4
2708,float,furdik,6,2,4,pluvam,6,2,4
2713,swim,uszik,5,2,3,pluvam,6,2,4
2714,swim,uszik,5,2,3,plavam,6,2,4
2715,blow,fuy,3,2,1,duxam,5,2,3
2716,blow,fuy,3,2,1,duxvam,6,2,4
2717,blow,fuy,3,2,1,veja,4,2,2
2718,creep,maszik,6,2,4,palzja,6,2,4
2719,creep,kuszik,6,2,4,palzja,6,2,4
2720,creep,maszik,6,2,4,lazja,5,2,3
2721,creep,kuszik,6,2,4,lazja,5,2,3
2726,slide,besurran,8,3,5,xlazgam,7,2,5
2727,slide,besurran,8,3,5,plazgam,7,2,5
2730,jump,ugrik,5,2,3,skacam,6,2,4
2732,dance,tancol,6,2,4,igraja,6,3,3
2734,dance,tancol,6,2,4,tancuvam,8,3,5
2740,walk,setal,5,2,3,varvja,6,2,4
2742,walk,megy,4,2,2,varvja,6,2,4
2744,walk,setal,5,2,3,xodja,5,2,3
2746,walk,megy,4,2,2,xodja,5,2,3
2756,run,fut,3,1,2,bjagam,6,2,4
2757,run,szalad,6,2,4,bjagam,6,2,4
2758,run,fut,3,1,2,ticam,5,2,3
2759,run,szalad,6,2,4,ticam,5,2,3
2768,go,megy,4,2,2,otivam,6,3,3
2770,go,lesz,4,1,3,otivam,6,3,3
2772,go,megy,4,2,2,xodja,5,2,3
2774,go,lesz,4,1,3,xodja,5,2,3
2784,come,yon,3,2,1,idvam,5,2,3
2785,come,megy,4,2,2,idvam,5,2,3
2786,come,kerul,5,2,3,idvam,5,2,3
2787,goaway,elmegy,6,3,3,otivam,6,3,3
2788,goaway,eltavozik,9,4,5,otivam,6,3,3
2789,goaway,elmegy,6,3,3,zaminavam,9,4,5
2790,goaway,eltavozik,9,4,5,zaminavam,9,4,5
2791,flee,elmenekul,9,4,5,bjagam,6,2,4
2792,flee,elfut,5,2,3,bjagam,6,2,4
2793,flee,elmenekul,9,4,5,pobjagvam,9,3,6
2794,flee,elfut,5,2,3,pobjagvam,9,3,6
2795,follow,kovet,5,2,3,sledvam,7,2,5
2796,pursue,uldoz,5,2,3,presledvam,10,3,7
2800,reach,erkezik,7,3,4,pristigam,9,3,6
2802,reach,yon,3,2,1,pristigam,9,3,6
2804,reach,erkezik,7,3,4,stigam,6,2,4
2806,reach,yon,3,2,1,stigam,6,2,4
2808,reach,erkezik,7,3,4,dostigam,8,3,5
2810,reach,yon,3,2,1,dostigam,8,3,5
2812,approach,kozeledik,9,4,5,doblizavam,10,4,6
2813,enter,beyon,5,3,2,vlizam,6,2,4
2814,enter,bemegy,6,3,3,vlizam,6,2,4
2817,carrybear,hord,4,1,3,nosja,5,2,3
2821,bring,hoz,3,1,2,donasjam,8,3,5
2822,bring,hoz,3,1,2,nosja,5,2,3
2825,lead,vezet,5,2,3,vodja,5,2,3
2829,drive,vezet,5,2,3,karam,5,2,3
2831,drive,hayt,4,2,2,karam,5,2,3
2837,ride,lovagol,7,3,4,jazdja,6,2,4
2839,ride,lovagol,7,3,4,jaxam,5,2,3
2841,push,elhalaszt,9,3,6,butam,5,2,3
2843,push,lok,3,1,2,butam,5,2,3
2845,road,ut,2,1,1,pat,3,1,2
2849,path,ut,2,1,1,pateka,6,3,3
2850,path,osveny,6,3,3,pateka,6,3,3
2851,path,ut,2,1,1,patecka,7,3,4
2852,path,osveny,6,3,3,patecka,7,3,4
2861,bridge,hid,3,1,2,most,4,1,3
2862,carriage,koczi,5,2,3,kola,4,2,2
2865,carriage,hinto,5,2,3,kola,4,2,2
2868,carriage,vagon,5,2,3,kola,4,2,2
2871,carriage,koczi,5,2,3,karuca,6,3,3
2874,carriage,hinto,5,2,3,karuca,6,3,3
2877,carriage,vagon,5,2,3,karuca,6,3,3
2880,carriage,koczi,5,2,3,kareta,6,3,3
2883,carriage,hinto,5,2,3,kareta,6,3,3
2886,carriage,vagon,5,2,3,kareta,6,3,3
2943,wheel,kerek,5,2,3,kolelo,6,3,3
2944,axle,tengely,7,3,4,os,2,1,1
2946,yoke,yarom,5,3,2,igo,3,2,1
2947,yoke,iga,3,2,1,igo,3,2,1
2948,yoke,yarom,5,3,2,jarem,5,2,3
2949,yoke,iga,3,2,1,jarem,5,2,3
2950,yoke,yarom,5,3,2,xomot,5,2,3
2951,yoke,iga,3,2,1,xomot,5,2,3
2952,ship,hayo,4,3,1,korab,5,2,3
2953,boat,czonak,6,2,4,lodka,5,2,3
2959,raft,tutay,5,3,2,sal,3,1,2
2962,oar,evez,4,2,2,greblo,6,2,4
2964,oar,evez,4,2,2,veslo,5,2,3
2974,rudder,kormany,7,3,4,kormilo,7,3,4
2975,rudder,kormany,7,3,4,rul,3,1,2
2976,mast,arboc,5,2,3,macta,5,2,3
2979,sailnoun,vitorla,7,3,4,korabnoplatno,13,5,8
2981,anchor,horgony,7,3,4,kotva,5,2,3
2983,harbor,kikot,5,2,3,pristaniste,11,4,7
2986,have,van,3,1,2,imam,4,2,2
2987,own,birtokol,8,3,5,pritezavam,10,4,6
2988,own,birtokol,8,3,5,imam,4,2,2
2989,take,vesz,4,1,3,vzemam,6,2,4
2991,seize,elegend,7,3,4,xvastam,7,2,5
2993,seize,elegend,7,3,4,ulavjam,7,3,4
2995,seize,elegend,7,3,4,sgrabcvam,9,2,7
3009,hold,tart,4,1,3,darza,5,2,3
3010,get,megkap,6,2,4,dobivam,7,3,4
3014,keep,gondoz,6,2,4,zapazvam,8,3,5
3015,keep,tart,4,1,3,zapazvam,8,3,5
3016,keep,rendelkezik,11,4,7,zapazvam,8,3,5
3017,keep,gondoz,6,2,4,darza,5,2,3
3018,keep,tart,4,1,3,darza,5,2,3
3019,keep,rendelkezik,11,4,7,darza,5,2,3
3026,give,ad,2,1,1,davam,5,2,3
3027,give,yuttat,6,3,3,davam,5,2,3
3028,giveback,viszszad,8,2,6,vrastam,7,2,5
3029,preserve,riz,3,1,2,zapazvam,8,3,5
3030,preserve,riz,3,1,2,darza,5,2,3
3031,preserve,riz,3,1,2,grizaseza,9,4,5
3032,save,ov,2,1,1,spasjavam,9,3,6
3034,save,ved,3,1,2,spasjavam,9,3,6
3036,destroy,elpusztit,9,3,6,razrusavam,10,4,6
3037,destroy,tonkretesz,10,3,7,razrusavam,10,4,6
3038,harm,art,3,1,2,vredjana,8,3,5
3040,harm,art,3,1,2,povrezdam,9,3,6
3046,seek,keres,5,2,3,tarsja,6,2,4
3047,seek,keres,5,2,3,potarsvam,9,3,6
3048,find,megtalal,8,3,5,namiram,7,3,4
3050,lose,elveszit,8,3,5,gubja,5,2,3
3051,lose,elveszit,8,3,5,zagubvam,8,3,5
3052,release,elereszt,8,3,5,puskam,6,2,4
3053,money,penz,4,1,3,pari,4,2,2
3055,money,penz,4,1,3,para,4,2,2
3057,coin,ercpenz,7,2,5,moneta,6,3,3
3059,rich,gazdag,6,2,4,bogat,5,2,3
3062,poor,szegeny,7,3,4,beden,5,2,3
3063,beggar,koldus,6,2,4,prosjak,7,2,5
3064,avaricious,onz,3,1,2,svidliv,7,2,5
3067,avaricious,kapzsi,6,2,4,svidliv,7,2,5
3070,avaricious,onz,3,1,2,srebroljubiv,12,4,8
3073,avaricious,kapzsi,6,2,4,srebroljubiv,12,4,8
3076,avaricious,onz,3,1,2,alcen,5,2,3
3079,avaricious,kapzsi,6,2,4,alcen,5,2,3
3082,avaricious,onz,3,1,2,skaperniceski,13,5,8
3085,avaricious,kapzsi,6,2,4,skaperniceski,13,5,8
3088,avaricious,onz,3,1,2,stistnat,8,2,6
3091,avaricious,kapzsi,6,2,4,stistnat,8,2,6
3154,lend,itel,4,2,2,davam,5,2,3
3160,borrow,elfolgal,8,3,5,vzemamnazaem,12,5,7
3164,owe,tartozik,8,3,5,dalza,5,2,3
3165,debt,adossag,7,3,4,dalg,4,1,3
3167,pay,fizet,5,2,3,plastam,7,2,5
3168,pay,fizet,5,2,3,zaplastam,9,3,6
3169,account,szamla,6,2,4,smetka,6,2,4
3171,account,szamla,6,2,4,smjatane,8,3,5
3173,tax,fizetes,7,3,4,danak,5,2,3
3175,tax,diy,3,2,1,danak,5,2,3
3177,tax,fizetes,7,3,4,nalog,5,2,3
3179,tax,diy,3,2,1,nalog,5,2,3
3189,hire,kiberel,7,3,4,naemam,6,3,3
3190,hire,felfogad,8,3,5,naemam,6,3,3
3193,wages,fizetes,7,3,4,nadnica,7,3,4
3195,wages,ber,3,1,2,nadnica,7,3,4
3197,wages,fizetes,7,3,4,zaplata,7,3,4
3199,wages,ber,3,1,2,zaplata,7,3,4
3201,earn,keres,5,2,3,pecelja,7,3,4
3204,buy,vasarol,7,3,4,kupuvam,7,3,4
3205,sell,elad,4,2,2,prodavam,8,3,5
3206,trade,kereskedik,10,4,6,targuvam,8,3,5
3215,merchant,keresked,8,3,5,targovec,8,3,5
3217,marketplace,vasar,5,2,3,pazar,5,2,3
3218,marketplace,piac,4,2,2,pazar,5,2,3
3219,marketplace,vasar,5,2,3,tarziste,8,3,5
3220,marketplace,piac,4,2,2,tarziste,8,3,5
3225,store,bolt,4,1,3,magazin,7,3,4
3227,store,kereskedes,10,4,6,magazin,7,3,4
3229,store,uzlet,5,2,3,magazin,7,3,4
3231,price,ar,2,1,1,cena,4,2,2
3233,dearcostly,draga,5,2,3,skap,4,1,3
3234,cheap,olczo,5,2,3,evtin,5,2,3
3236,place,hely,4,2,2,mjasto,6,2,4
3237,place,ter,3,1,2,mjasto,6,2,4
3238,place,hely,4,2,2,slagam,6,2,4
3239,place,ter,3,1,2,slagam,6,2,4
3240,place,hely,4,2,2,postavjam,9,3,6
3241,place,ter,3,1,2,postavjam,9,3,6
3242,put,tesz,4,1,3,slagam,6,2,4
3244,put,helyez,6,3,3,slagam,6,2,4
3246,put,tesz,4,1,3,postavjam,9,3,6
3248,put,helyez,6,3,3,postavjam,9,3,6
3258,sit,ul,2,1,1,sedja,5,2,3
3259,liedown,fekszik,7,2,5,ljagam,6,2,4
3260,liedown,fekszik,7,2,5,leza,4,2,2
3261,stand,all,3,1,2,stavam,6,2,4
3262,stand,all,3,1,2,stoja,5,2,3
3265,remain,marad,5,2,3,ostavam,7,3,4
3269,remains,maradekek,9,4,5,ostanki,7,3,4
3271,collect,oszszegyyt,10,4,6,sabiram,7,3,4
3273,collect,oszszeszed,10,3,7,sabiram,7,3,4
3275,collect,oszszegyyt,10,4,6,pribiram,8,3,5
3277,collect,oszszeszed,10,3,7,pribiram,8,3,5
3279,join,egyesul,7,4,3,svarzvam,8,2,6
3281,join,gyl,3,1,2,svarzvam,8,2,6
3283,join,egyesul,7,4,3,saedinjavamse,13,6,7
3285,join,gyl,3,1,2,saedinjavamse,13,6,7
3287,separate,elvalaszt,9,3,6,otdeljam,8,3,5
3289,separate,elvalaszt,9,3,6,razdeljam,9,3,6
3295,divide,eloszt,6,2,4,deljase,7,3,4
3296,divide,eloszt,6,2,4,razdeljamse,11,4,7
3297,open,nyit,4,2,2,otvarjam,8,3,5
3298,shut,zar,3,1,2,zatvarjam,9,3,6
3299,shut,czuk,4,1,3,zatvarjam,9,3,6
3300,cover,befed,5,2,3,pokrivam,8,3,5
3301,cover,bevon,5,2,3,pokrivam,8,3,5
3302,hide,reyteget,8,4,4,krijase,7,3,4
3303,hide,fed,3,1,2,krijase,7,3,4
3304,hide,reyteget,8,4,4,skrivam,7,2,5
3305,hide,fed,3,1,2,skrivam,7,2,5
3306,hide,reyteget,8,4,4,ukrivam,7,3,4
3307,hide,fed,3,1,2,ukrivam,7,3,4
3308,hide,reyteget,8,4,4,prikrivam,9,3,6
3309,hide,fed,3,1,2,prikrivam,9,3,6
3310,hide,reyteget,8,4,4,zakrivam,8,3,5
3311,hide,fed,3,1,2,zakrivam,8,3,5
3312,hide,reyteget,8,4,4,pokrivam,8,3,5
3313,hide,fed,3,1,2,pokrivam,8,3,5
3314,high,magas,5,2,3,visok,5,2,3
3315,high,magas,5,2,3,visoko,6,3,3
3316,high,magas,5,2,3,navisoko,8,4,4
3317,low,alaczony,8,4,4,nisak,5,2,3
3318,low,alaczony,8,4,4,nisko,5,2,3
3319,top,czucz,5,1,4,vrax,4,1,3
3321,top,tetpont,7,2,5,vrax,4,1,3
3327,bottom,fenek,5,2,3,dano,4,2,2
3330,end,veg,3,1,2,kraj,4,1,3
3333,pointed,eles,4,2,2,ostar,5,2,3
3334,pointed,eles,4,2,2,izostren,8,3,5
3335,pointed,eles,4,2,2,zaostren,8,3,5
3339,edge,hegy,4,2,2,ostrie,6,3,3
3341,edge,ele,3,2,1,ostrie,6,3,3
3343,edge,hegy,4,2,2,rab,3,1,2
3345,edge,ele,3,2,1,rab,3,1,2
3347,edge,hegy,4,2,2,kraj,4,1,3
3349,edge,ele,3,2,1,kraj,4,1,3
3387,side,oldal,5,2,3,strana,6,2,4
3388,middle,kozeps,6,2,4,sreda,5,2,3
3389,middle,kozpont,7,2,5,sreda,5,2,3
3390,middle,kozeps,6,2,4,centar,6,2,4
3391,middle,kozpont,7,2,5,centar,6,2,4
3400,rightside,yobb,4,2,2,desen,5,2,3
3401,rightside,yobb,4,2,2,djasno,6,2,4
3402,rightside,yobb,4,2,2,djasnatastrana,14,5,9
3403,leftside,bal,3,1,2,ljav,4,1,3
3404,leftside,bal,3,1,2,ljavo,5,2,3
3405,leftside,bal,3,1,2,ljavatastrana,13,5,8
3406,nearadv,kozelben,8,3,5,blizo,5,2,3
3407,nearadv,kozelben,8,3,5,nablizo,7,3,4
3408,faradv,meszsze,7,2,5,daleko,6,3,3
3409,faradv,tavol,5,2,3,daleko,6,3,3
3410,faradv,meszsze,7,2,5,nadaleko,8,4,4
3411,faradv,tavol,5,2,3,nadaleko,8,4,4
3412,east,kelet,5,2,3,iztok,5,2,3
3414,west,nyugat,6,3,3,zapad,5,2,3
3416,north,eszak,5,2,3,sever,5,2,3
3417,south,del,3,1,2,jug,3,1,2
3418,grow,n,1,0,1,rasta,5,2,3
3419,grow,n,1,0,1,porastvam,9,3,6
3420,grow,n,1,0,1,izrastvam,9,3,6
3421,grow,n,1,0,1,narastvam,9,3,6
3422,grow,n,1,0,1,otglezdam,9,3,6
3423,grow,n,1,0,1,kultiviram,10,4,6
3424,measure,mer,3,1,2,merja,5,2,3
3425,measure,mer,3,1,2,izmervam,8,3,5
3426,measure,mer,3,1,2,mjarka,6,2,4
3427,measure,mer,3,1,2,mjara,5,2,3
3428,large,nagy,4,2,2,goljam,6,2,4
3429,small,kis,3,1,2,malak,5,2,3
3430,long,hoszszu,7,2,5,dalag,5,2,3
3431,short,rovid,5,2,3,nisak,5,2,3
3432,short,rovid,5,2,3,kas,3,1,2
3433,wide,szeles,6,2,4,sirok,5,2,3
3434,narrow,szk,3,0,3,tesen,5,2,3
3436,narrow,keskeny,7,3,4,tesen,5,2,3
3438,thickindimension,vastag,6,2,4,debel,5,2,3
3439,thinindimension,vekony,6,3,3,tanak,5,2,3
3441,deep,mely,4,2,2,dalbok,6,2,4
3442,shallow,apro,4,2,2,plitak,6,2,4
3443,flat,sik,3,1,2,plosak,6,2,4
3449,straight,egyenes,7,4,3,prav,4,1,3
3450,crooked,gorbe,5,2,3,kriv,4,1,3
3451,crooked,ferde,5,2,3,kriv,4,1,3
3452,crooked,gorbe,5,2,3,izkriven,8,3,5
3453,crooked,ferde,5,2,3,izkriven,8,3,5
3454,crooked,gorbe,5,2,3,izvit,5,2,3
3455,crooked,ferde,5,2,3,izvit,5,2,3
3456,hook,kampo,5,2,3,kuka,4,2,2
3457,hook,kampo,5,2,3,cengel,6,2,4
3460,corner,sarok,5,2,3,agal,4,2,2
3462,cross,kereszt,7,2,5,krast,5,1,4
3463,square,negyzet,7,3,4,kvadraten,9,3,6
3464,square,negyzet,7,3,4,kvadrat,7,2,5
3465,round,kerek,5,2,3,kragal,6,2,4
3468,circle,kor,3,1,2,krag,4,1,3
3470,sphere,labda,5,2,3,sfera,5,2,3
3472,sphere,labda,5,2,3,kalbo,5,2,3
3478,hole,lyuk,4,2,2,dupka,5,2,3
3479,hole,res,3,1,2,dupka,5,2,3
3484,like,ugyanolyan,10,6,4,podoben,7,3,4
3485,like,hasonlo,7,3,4,podoben,7,3,4
3486,like,ugyanolyan,10,6,4,sxoden,6,2,4
3487,like,hasonlo,7,3,4,sxoden,6,2,4
3488,change,valtozas,8,3,5,menjase,7,3,4
3489,change,valt,4,1,3,menjase,7,3,4
3490,change,valtozas,8,3,5,izmenjam,8,3,5
3491,change,valt,4,1,3,izmenjam,8,3,5
3492,change,valtozas,8,3,5,promenjam,9,3,6
3493,change,valt,4,1,3,promenjam,9,3,6
3494,change,valtozas,8,3,5,smenjam,7,2,5
3495,change,valt,4,1,3,smenjam,7,2,5
3496,every,minden,6,2,4,vseki,5,2,3
3499,every,mind,4,1,3,vseki,5,2,3
3502,every,minden,6,2,4,vsicki,6,2,4
3505,every,mind,4,1,3,vsicki,6,2,4
3508,much,sok,3,1,2,mnogo,5,2,3
3509,more,tobb,4,1,3,povece,6,3,3
3510,littlequantity,keves,5,2,3,malko,5,2,3
3511,littlequantity,valami,6,3,3,malko,5,2,3
3512,littlequantity,keves,5,2,3,njakolko,8,3,5
3513,littlequantity,valami,6,3,3,njakolko,8,3,5
3514,enough,alaposan,8,4,4,dostatacno,10,4,6
3515,enough,nagyon,6,3,3,dostatacno,10,4,6
3516,multitude,sokasag,7,3,4,mnozestvo,9,3,6
3518,multitude,tomeg,5,2,3,mnozestvo,9,3,6
3520,multitude,sokasag,7,3,4,talpa,5,2,3
3522,multitude,tomeg,5,2,3,talpa,5,2,3
3524,full,telt,4,1,3,palen,5,2,3
3525,empty,ures,4,2,2,prazen,6,2,4
3527,part,resz,4,1,3,cast,4,1,3
3528,part,resz,4,1,3,parce,5,2,3
3529,half,fel,3,1,2,polovina,8,4,4
3530,alone,egyedul,7,4,3,sam,3,1,2
3533,alone,czak,4,1,3,sam,3,1,2
3536,alone,czupan,6,2,4,sam,3,1,2
3539,alone,egyedul,7,4,3,edinstven,9,3,6
3542,alone,czak,4,1,3,edinstven,9,3,6
3545,alone,czupan,6,2,4,edinstven,9,3,6
3548,alone,egyedul,7,4,3,samo,4,2,2
3551,alone,czak,4,1,3,samo,4,2,2
3554,alone,czupan,6,2,4,samo,4,2,2
3584,first,els,3,1,2,prav,4,1,3
3585,last,utolso,6,3,3,posleden,8,3,5
3587,last,bir,3,1,2,posleden,8,3,5
3589,last,utolso,6,3,3,traja,5,2,3
3591,last,bir,3,1,2,traja,5,2,3
3601,third,harmadik,8,3,5,treti,5,2,3
3602,threetimes,haromzor,8,3,5,tripati,7,3,4
3603,threetimes,haromzor,8,3,5,triz,4,1,3
3604,time,id,2,1,1,vreme,5,2,3
3606,age,kor,3,1,2,vazrast,7,2,5
3608,new,uy,2,2,0,nov,3,1,2
3609,young,fiatal,6,3,3,mlad,4,1,3
3611,old,oreg,4,2,2,star,4,1,3
3617,early,koran,5,2,3,ranen,5,2,3
3619,early,yokor,5,3,2,ranen,5,2,3
3621,early,koran,5,2,3,rano,4,2,2
3623,early,yokor,5,3,2,rano,4,2,2
3625,late,kesn,4,1,3,kasen,5,2,3
3626,late,kesn,4,1,3,kasno,5,2,3
3627,now,most,4,1,3,sega,4,2,2
3629,swift,gyors,5,2,3,barz,4,1,3
3631,swift,furge,5,2,3,barz,4,1,3
3633,swift,rohamos,7,3,4,barz,4,1,3
3635,slow,lassu,5,2,3,baven,5,2,3
3636,slow,lomha,5,2,3,baven,5,2,3
3637,hasten,siet,4,2,2,barzam,6,2,4
3638,hasten,igyekszik,9,4,5,barzam,6,2,4
3643,retard,lassit,6,2,4,bavjase,7,3,4
3645,retard,lassit,6,2,4,zabavjam,8,3,5
3647,begin,kezd,4,1,3,pocvam,6,2,4
3649,begin,kezd,4,1,3,zapocvam,8,3,5
3651,begin,kezd,4,1,3,nacalo,6,3,3
3653,endtemporal,veg,3,1,2,kraj,4,1,3
3654,finish,bevegez,7,3,4,svarsvam,8,2,6
3658,cease,abbahagy,8,4,4,prestavam,9,3,6
3659,cease,abbahagy,8,4,4,spiram,6,2,4
3664,ready,kesz,4,1,3,gotov,5,2,3
3665,always,mindig,6,2,4,vinagi,6,3,3
3668,often,gyakran,7,3,4,cesto,5,2,3
3669,sometimes,valamikor,9,4,5,ponjakoga,9,4,5
3671,never,soha,4,2,2,nikoga,6,3,3
3672,again,megint,6,2,4,pak,3,1,2
3673,again,pedig,5,2,3,pak,3,1,2
3674,again,megint,6,2,4,otnovo,6,3,3
3675,again,pedig,5,2,3,otnovo,6,3,3
3684,day,nap,3,1,2,den,3,1,2
3685,night,ey,2,2,0,nost,4,1,3
3686,dawn,napkelte,8,3,5,zora,4,2,2
3688,dawn,haynal,6,3,3,zora,4,2,2
3690,morning,reggel,6,2,4,sutrin,6,2,4
3691,morning,reggel,6,2,4,utre,4,2,2
3692,noon,del,3,1,2,pladne,6,2,4
3694,noon,del,3,1,2,obed,4,2,2
3696,evening,este,4,2,2,vecer,5,2,3
3697,today,ma,2,1,1,dnes,4,1,3
3699,tomorrow,holnap,6,2,4,utre,4,2,2
3700,yesterday,tegnap,6,2,4,vcera,5,2,3
3701,hour,ora,3,2,1,cas,3,1,2
3702,clock,ora,3,2,1,casovnik,8,3,5
3704,week,het,3,1,2,sedmica,7,3,4
3705,Sunday,vasarnap,8,3,5,nedelja,7,3,4
3706,Monday,hetf,4,1,3,ponedelnik,10,4,6
3707,Tuesday,kedd,4,1,3,vtornik,7,2,5
3708,Wednesday,szerda,6,2,4,srjada,6,2,4
3709,Thursday,czutortok,9,3,6,cetvartak,9,3,6
3710,Friday,pentek,6,2,4,petak,5,2,3
3711,Saturday,szombat,7,2,5,sabota,6,3,3
3712,month,honap,5,2,3,mesec,5,2,3
3713,year,ev,2,1,1,godina,6,3,3
3714,winter,tel,3,1,2,zima,4,2,2
3715,summer,nyar,4,2,2,ljato,5,2,3
3716,autumn,osz,3,1,2,esen,4,2,2
3717,smellvbintrans,illatozik,9,4,5,mirisa,6,3,3
3718,smellvbtrans,megszagol,9,3,6,pomirisvam,10,4,6
3719,smellvbtrans,megszagol,9,3,6,mirisa,6,3,3
3720,fragrant,illatos,7,3,4,blagouxanen,11,5,6
3721,fragrant,illatos,7,3,4,aromaten,8,4,4
3722,fragrant,illatos,7,3,4,aromaticen,10,5,5
3726,stinking,bzos,4,1,3,vonjast,7,2,5
3727,stinking,bzos,4,1,3,zlovonen,8,3,5
3728,sweet,edes,4,2,2,sladak,6,2,4
3729,sweet,yoiz,4,3,1,sladak,6,2,4
3730,salty,sos,3,1,2,solen,5,2,3
3732,bitter,keser,5,2,3,gorciv,6,2,4
3733,acid,savanyu,7,4,3,kisel,5,2,3
3734,hear,hall,4,1,3,cuvam,5,2,3
3736,listen,hallgat,7,2,5,slusam,6,2,4
3738,sound,hang,4,1,3,zvuk,4,1,3
3739,sound,hang,4,1,3,sum,3,1,2
3740,loud,nagyhangu,9,4,5,silen,5,2,3
3741,loud,nagyhangu,9,4,5,sumen,5,2,3
3744,see,lat,3,1,2,vizdam,6,2,4
3746,look,nez,3,1,2,gledam,6,2,4
3749,show,mutat,5,2,3,pokazvam,8,3,5
3752,shine,fenylik,7,3,4,svetja,6,2,4
3754,shine,fenylik,7,3,4,blestja,7,2,5
3768,bright,vilagos,7,3,4,jarak,5,2,3
3770,bright,vilagos,7,3,4,svetal,6,2,4
3776,color,szin,4,1,3,cvjat,5,1,4
3780,lightincolor,vilagos,7,3,4,svetal,6,2,4
3781,darkincolor,sotet,5,2,3,tamen,5,2,3
3782,white,feher,5,2,3,bjal,4,1,3
3783,black,fekete,6,3,3,ceren,5,2,3
3785,red,piros,5,2,3,cerven,6,2,4
3786,blue,kek,3,1,2,sin,3,1,2
3788,touch,hozzaer,7,3,4,dokosvam,8,3,5
3789,touch,hozzaer,7,3,4,pipam,5,2,3
3790,feel,tapogat,7,3,4,opipvam,7,3,4
3791,feel,erez,4,2,2,opipvam,7,3,4
3792,feel,tapogat,7,3,4,usestam,7,3,4
3793,feel,erez,4,2,2,usestam,7,3,4
3794,feel,tapogat,7,3,4,cuvstvuvamse,12,4,8
3795,feel,erez,4,2,2,cuvstvuvamse,12,4,8
3796,hard,kemeny,6,3,3,tvard,5,1,4
3798,soft,puha,4,2,2,mek,3,1,2
3799,soft,lagy,4,2,2,mek,3,1,2
3800,sharp,eles,4,2,2,ostar,5,2,3
3804,heavy,nehez,5,2,3,tezak,5,2,3
3805,lightinweight,konny,5,2,3,lek,3,1,2
3806,wet,nedves,6,2,4,mokar,5,2,3
3808,wet,nyirkos,7,3,4,mokar,5,2,3
3810,wet,nedves,6,2,4,vlazen,6,2,4
3812,wet,nyirkos,7,3,4,vlazen,6,2,4
3830,dry,szaraz,6,2,4,sux,3,1,2
3832,hot,forro,5,2,3,gorest,6,2,4
3833,hot,tuzes,5,2,3,gorest,6,2,4
3834,cold,hideg,5,2,3,studen,6,2,4
3836,clean,tiszta,6,2,4,cist,4,1,3
3837,dirty,piszkos,7,2,5,mrasen,6,2,4
3838,dirty,moczkos,7,2,5,mrasen,6,2,4
3839,dirty,piszkos,7,2,5,izcapan,7,3,4
3840,dirty,moczkos,7,2,5,izcapan,7,3,4
3845,soul,lelek,5,2,3,dusa,4,2,2
3847,soul,szellem,7,2,5,dusa,4,2,2
3849,soul,lelek,5,2,3,dux,3,1,2
3851,soul,szellem,7,2,5,dux,3,1,2
3853,surprised,meglepdott,10,3,7,iznenadan,9,4,5
3854,surprised,czodalkozo,10,4,6,iznenadan,9,4,5
3855,surprised,meglepdott,10,3,7,ucuden,6,3,3
3856,surprised,czodalkozo,10,4,6,ucuden,6,3,3
3857,surprised,meglepdott,10,3,7,udiven,6,3,3
3858,surprised,czodalkozo,10,4,6,udiven,6,3,3
3871,goodfortune,szerencze,9,3,6,kasmet,6,2,4
3872,goodfortune,szerencze,9,3,6,stastie,7,3,4
3877,misfortune,balsors,7,2,5,loskasmet,9,3,6
3878,misfortune,balsors,7,2,5,nestastie,9,4,5
3881,joyful,vidam,5,2,3,radosten,8,3,5
3884,joyful,boldog,6,2,4,radosten,8,3,5
3887,joyful,vidam,5,2,3,stastliv,8,2,6
3890,joyful,boldog,6,2,4,stastliv,8,2,6
3905,laugh,nevet,5,2,3,smejase,7,3,4
3908,play,yatszik,7,3,4,igraja,6,3,3
3909,play,yatszik,7,3,4,svirja,6,2,4
3912,love,szeret,6,2,4,obicam,6,3,3
3916,love,szerelem,8,3,5,obicam,6,3,3
3920,love,szeret,6,2,4,obic,4,2,2
3924,love,szerelem,8,3,5,obic,4,2,2
3928,love,szeret,6,2,4,ljubov,6,2,4
3932,love,szerelem,8,3,5,ljubov,6,2,4
3936,kiss,czokol,6,2,4,celuvam,7,3,4
3937,pain,fayas,5,3,2,bolka,5,2,3
3939,grief,banat,5,2,3,gorest,6,2,4
3941,grief,szomorusag,10,4,6,gorest,6,2,4
3943,grief,banat,5,2,3,skrab,5,1,4
3945,grief,szomorusag,10,4,6,skrab,5,1,4
3947,grief,banat,5,2,3,zalost,6,2,4
3949,grief,szomorusag,10,4,6,zalost,6,2,4
3951,grief,banat,5,2,3,pecal,5,2,3
3953,grief,szomorusag,10,4,6,pecal,5,2,3
3955,grief,banat,5,2,3,zal,3,1,2
3957,grief,szomorusag,10,4,6,zal,3,1,2
3959,anxiety,gondoskodas,11,4,7,bezpokojstvie,13,5,8
3961,anxiety,gondoskodas,11,4,7,zagrizenost,11,4,7
3963,anxiety,gondoskodas,11,4,7,trevoga,7,3,4
3965,anxiety,gondoskodas,11,4,7,ugrizenost,10,4,6
3967,regret,megsaynal,9,4,5,sazaljavam,10,4,6
3969,regret,megban,6,2,4,sazaljavam,10,4,6
3971,pity,reszvet,7,2,5,zal,3,1,2
3972,pity,saynalkozas,11,5,6,zal,3,1,2
3973,pity,reszvet,7,2,5,sastradanie,11,5,6
3974,pity,saynalkozas,11,5,6,sastradanie,11,5,6
3975,pity,reszvet,7,2,5,milost,6,2,4
3976,pity,saynalkozas,11,5,6,milost,6,2,4
3977,pity,reszvet,7,2,5,sazalenie,9,5,4
3978,pity,saynalkozas,11,5,6,sazalenie,9,5,4
3979,pity,reszvet,7,2,5,zalost,6,2,4
3980,pity,saynalkozas,11,5,6,zalost,6,2,4
4001,cry,sirdogal,8,3,5,placa,5,2,3
4002,tearnoun,konnyczepp,10,3,7,salza,5,2,3
4003,groan,nyog,4,2,2,paskam,6,2,4
4004,groan,sohaytozik,10,5,5,paskam,6,2,4
4005,groan,nyog,4,2,2,stena,5,2,3
4006,groan,sohaytozik,10,5,5,stena,5,2,3
4007,groan,nyog,4,2,2,oxkam,5,2,3
4008,groan,sohaytozik,10,5,5,oxkam,5,2,3
4015,hate,gylol,5,2,3,mrazja,6,2,4
4016,hate,gylol,5,2,3,nenavizdam,10,4,6
4017,anger,gylolet,7,3,4,jad,3,1,2
4018,anger,gylolet,7,3,4,gnjav,5,1,4
4021,envy,irigyseg,8,4,4,zavist,6,2,4
4023,envy,irigyseg,8,4,4,revnost,7,2,5
4037,shamenoun,szegyen,7,3,4,sram,4,1,3
4039,proud,kevely,6,3,3,gord,4,1,3
4040,proud,buszke,6,2,4,gord,4,1,3
4041,dare,mer,3,1,2,smeja,5,2,3
4043,dare,mer,3,1,2,osmeljavam,10,4,6
4049,brave,bator,5,2,3,xrabar,6,2,4
4052,brave,bator,5,2,3,smel,4,1,3
4055,fear,felelem,7,3,4,strax,5,1,4
4058,fear,felelem,7,3,4,bojazan,7,3,4
4061,fear,felelem,7,3,4,uplaxa,6,3,3
4082,danger,veszely,7,3,4,opasnost,8,3,5
4084,desire,kivan,5,2,3,zelaja,6,3,3
4085,desire,akar,4,2,2,zelaja,6,3,3
4086,desire,kedve,5,2,3,zelaja,6,3,3
4087,desire,tartya,6,3,3,zelaja,6,3,3
4088,desire,szeret,6,2,4,zelaja,6,3,3
4089,desire,kivan,5,2,3,iskam,5,2,3
4090,desire,akar,4,2,2,iskam,5,2,3
4091,desire,kedve,5,2,3,iskam,5,2,3
4092,desire,tartya,6,3,3,iskam,5,2,3
4093,desire,szeret,6,2,4,iskam,5,2,3
4094,hope,kivansag,8,3,5,nadjavamse,10,4,6
4096,hope,kivansag,8,3,5,nadezda,7,3,4
4098,faithful,h,1,0,1,veren,5,2,3
4100,lie,hazudik,7,3,4,laza,4,2,2
4103,deceit,hazugsag,8,3,5,izmama,6,3,3
4107,forgive,megboczat,9,3,6,prostavam,9,3,6
4108,good,yo,2,2,0,dobar,5,2,3
4109,good,helyes,6,3,3,dobar,5,2,3
4110,bad,roszsz,6,1,5,los,3,1,2
4112,right,igaz,4,2,2,veren,5,2,3
4114,right,igaz,4,2,2,pravilen,8,3,5
4116,fault,hiba,4,2,2,greska,6,2,4
4117,fault,felelsseg,9,3,6,greska,6,2,4
4118,fault,hiba,4,2,2,vina,4,2,2
4119,fault,felelsseg,9,3,6,vina,4,2,2
4120,mistake,hiba,4,2,2,greska,6,2,4
4121,mistake,hiba,4,2,2,pogreska,8,3,5
4124,blame,szidas,6,2,4,vina,4,2,2
4125,blame,dorgalas,8,3,5,vina,4,2,2
4126,praise,diczeret,8,3,5,poxvala,7,3,4
4128,beautiful,szep,4,1,3,krasiv,6,2,4
4129,beautiful,szep,4,1,3,xubav,5,2,3
4130,ugly,czunya,6,3,3,grozen,6,2,4
4131,mind,esz,3,1,2,um,2,1,1
4132,mind,esz,3,1,2,razum,5,2,3
4133,think,gondolkozik,11,4,7,mislja,6,2,4
4137,think,vel,3,1,2,mislja,6,2,4
4141,think,gondol,6,2,4,mislja,6,2,4
4145,think,gondolkozik,11,4,7,smjatam,7,2,5
4149,think,vel,3,1,2,smjatam,7,2,5
4153,think,gondol,6,2,4,smjatam,7,2,5
4205,believe,hisz,4,1,3,vjarvam,7,2,5
4206,understand,ert,3,1,2,razbiram,8,3,5
4207,know,tud,3,1,2,znaja,5,2,3
4209,know,ismer,5,2,3,znaja,5,2,3
4211,seem,latszik,7,2,5,izglezdam,9,3,6
4212,wise,bolcz,5,1,4,madar,5,2,3
4213,wise,okos,4,2,2,madar,5,2,3
4214,foolish,ostoba,6,3,3,glupav,6,2,4
4218,foolish,buta,4,2,2,glupav,6,2,4
4222,foolish,hulye,5,3,2,glupav,6,2,4
4226,foolish,ostoba,6,3,3,tap,3,1,2
4230,foolish,buta,4,2,2,tap,3,1,2
4234,foolish,hulye,5,3,2,tap,3,1,2
4262,insane,bolond,6,2,4,lud,3,1,2
4264,insane,rult,4,1,3,lud,3,1,2
4266,insane,bolond,6,2,4,umopobarkan,11,5,6
4268,insane,rult,4,1,3,umopobarkan,11,5,6
4278,learn,tanul,5,2,3,uca,3,2,1
4279,learn,tanul,5,2,3,ucase,5,3,2
4280,learn,tanul,5,2,3,naucavam,8,4,4
4281,learn,tanul,5,2,3,izucvam,7,3,4
4290,teach,tanit,5,2,3,uca,3,2,1
4291,teach,oktat,5,2,3,uca,3,2,1
4292,teach,tanit,5,2,3,obucavam,8,4,4
4293,teach,oktat,5,2,3,obucavam,8,4,4
4294,teach,tanit,5,2,3,naucavam,8,4,4
4295,teach,oktat,5,2,3,naucavam,8,4,4
4296,teach,tanit,5,2,3,prepodavam,10,4,6
4297,teach,oktat,5,2,3,prepodavam,10,4,6
4298,pupil,tanulo,6,3,3,ucenik,6,3,3
4300,teacher,tanito,6,3,3,ucitel,6,3,3
4301,teacher,tanito,6,3,3,prepodavatel,12,5,7
4304,school,iskola,6,3,3,uciliste,8,4,4
4305,school,iskola,6,3,3,skola,5,2,3
4306,remember,emlekszik,9,3,6,pomnja,6,2,4
4307,remember,emlekszik,9,3,6,zapomnjam,9,3,6
4308,remember,emlekszik,9,3,6,spomnjam,8,2,6
4309,remember,emlekszik,9,3,6,pripomnjam,10,3,7
4314,forget,elfeleyt,8,4,4,zabravjam,9,3,6
4315,clear,vilagos,7,3,4,jasen,5,2,3
4317,obscure,homalyos,8,4,4,nejasen,7,3,4
4318,obscure,homalyos,8,4,4,tamen,5,2,3
4321,secret,titkos,6,2,4,tajna,5,2,3
4327,sure,biztos,6,2,4,siguren,7,3,4
4329,sure,biztos,6,2,4,uveren,6,3,3
4331,explain,megmagyaraz,11,5,6,objasnjavam,11,4,7
4333,intention,szandek,7,2,5,namerenie,9,5,4
4336,intention,szandek,7,2,5,cel,3,1,2
4345,cause,ok,2,1,1,pricina,7,3,4
4347,doubt,ketelkedik,10,4,6,samnjavamse,11,4,7
4349,suspect,ketelkedik,10,4,6,podoziram,9,4,5
4350,suspect,gyanusit,8,4,4,podoziram,9,4,5
4353,voice,hang,4,1,3,glas,4,1,3
4355,sing,enekel,6,3,3,peja,4,2,2
4356,shout,kialt,5,2,3,vikam,5,2,3
4358,shout,kiabal,6,3,3,vikam,5,2,3
4372,speak,beszel,6,2,4,govorja,7,3,4
4375,speak,beszel,6,2,4,prikazvam,9,3,6
4384,say,mond,4,1,3,kazvam,6,2,4
4385,say,szol,4,1,3,kazvam,6,2,4
4388,silentbe,czendes,7,2,5,malca,5,2,3
4390,language,nyelv,5,2,3,ezik,4,2,2
4392,word,szo,3,1,2,duma,4,2,2
4393,name,nev,3,1,2,ime,3,2,1
4394,askquestion,megkerdez,9,3,6,pitam,5,2,3
4395,askquestion,megkerdez,9,3,6,popitvam,8,3,5
4396,askquestion,megkerdez,9,3,6,zadavamvapros,13,5,8
4397,answer,felel,5,2,3,otgovarjam,10,4,6
4398,answer,valaszol,8,3,5,otgovarjam,10,4,6
4401,admit,felismer,8,3,5,priznavam,9,3,6
4403,deny,tagad,5,2,3,otricam,7,3,4
4405,deny,kinyilik,8,4,4,otricam,7,3,4
4407,deny,tagad,5,2,3,otxvarljam,10,3,7
4409,deny,kinyilik,8,4,4,otxvarljam,10,3,7
4411,deny,tagad,5,2,3,oprovergavam,12,5,7
4413,deny,kinyilik,8,4,4,oprovergavam,12,5,7
4415,ask,ker,3,1,2,molja,5,2,3
4416,ask,kovetel,7,3,4,molja,5,2,3
4417,ask,ker,3,1,2,pomolvam,8,3,5
4418,ask,kovetel,7,3,4,pomolvam,8,3,5
4419,promise,megiger,7,3,4,obestavam,9,4,5
4421,promise,megfogad,8,3,5,obestavam,9,4,5
4423,refuse,vonakodik,9,4,5,otkazvam,8,3,5
4425,forbid,tilt,4,1,3,zabranjavam,11,4,7
4427,call,meghiv,6,2,4,povikvam,8,3,5
4428,call,invital,7,3,4,povikvam,8,3,5
4429,call,nevenszolit,11,4,7,povikvam,8,3,5
4430,call,meghiv,6,2,4,prizovjavam,11,4,7
4431,call,invital,7,3,4,prizovjavam,11,4,7
4432,call,nevenszolit,11,4,7,prizovjavam,11,4,7
4433,call,meghiv,6,2,4,izvikvam,8,3,5
4434,call,invital,7,3,4,izvikvam,8,3,5
4435,call,nevenszolit,11,4,7,izvikvam,8,3,5
4436,call,meghiv,6,2,4,naricam,7,3,4
4437,call,invital,7,3,4,naricam,7,3,4
4438,call,nevenszolit,11,4,7,naricam,7,3,4
4463,announce,kihirdet,8,3,5,objavjavam,10,4,6
4465,announce,kihirdet,8,3,5,razglasjavam,12,4,8
4467,threaten,megfenyeget,11,5,6,zaplasvam,9,3,6
4468,threaten,megfenyeget,11,5,6,zastrasavam,11,4,7
4473,boast,diczekszik,10,3,7,xvaljase,8,3,5
4475,boast,kerkedik,8,3,5,xvaljase,8,3,5
4477,boast,henceg,6,2,4,xvaljase,8,3,5
4491,write,ir,2,1,1,pisa,4,2,2
4492,write,ir,2,1,1,napisvam,8,3,5
4493,read,elolvas,7,3,4,ceta,4,2,2
4495,paper,papir,5,2,3,xartija,7,3,4
4496,pen,irotoll,7,3,4,pisalka,7,3,4
4498,pen,irotoll,7,3,4,pero,4,2,2
4500,pen,irotoll,7,3,4,ximikalka,9,4,5
4508,book,konyv,5,2,3,kniga,5,2,3
4509,poet,kolt,4,1,3,poet,4,2,2
4510,poet,kolt,4,1,3,stixotvorec,11,4,7
4513,country,orszag,6,2,4,strana,6,2,4
4514,onesnativecountry,haza,4,2,2,rodina,6,3,3
4515,onesnativecountry,szulfold,8,2,6,rodina,6,3,3
4516,onesnativecountry,haza,4,2,2,otecestvo,9,4,5
4517,onesnativecountry,szulfold,8,2,6,otecestvo,9,4,5
4518,city,varos,5,2,3,grad,4,1,3
4519,village,falu,4,2,2,selo,4,2,2
4521,boundary,hatar,5,2,3,granica,7,3,4
4524,peoplepopulace,nep,3,1,2,narod,5,2,3
4528,tribe,torzs,5,1,4,pleme,5,2,3
4530,tribe,nemzetseg,9,3,6,pleme,5,2,3
4532,tribe,torzs,5,1,4,klan,4,1,3
4534,tribe,nemzetseg,9,3,6,klan,4,1,3
4536,rule,kormanyoz,9,4,5,upravljavam,11,4,7
4538,king,kiraly,6,3,3,car,3,1,2
4539,king,kiraly,6,3,3,kral,4,1,3
4540,queen,kiralyn,7,3,4,carica,6,3,3
4541,queen,kiralyn,7,3,4,kralica,7,3,4
4542,noble,nemesember,10,4,6,blagorodnik,11,4,7
4543,noble,nemesember,10,4,6,aristokrat,10,4,6
4546,citizen,allampolgar,11,4,7,grazdanin,9,3,6
4547,citizen,polgar,6,2,4,grazdanin,9,3,6
4548,citizen,allampolgar,11,4,7,podanik,7,3,4
4549,citizen,polgar,6,2,4,podanik,7,3,4
4554,master,gazda,5,2,3,gospodar,8,3,5
4555,master,ur,2,1,1,gospodar,8,3,5
4556,slave,rabszolga,9,3,6,rob,3,1,2
4560,servant,szolga,6,2,4,sluga,5,2,3
4563,command,megparanczol,12,4,8,zapovjadvam,11,4,7
4566,command,felszolit,9,3,6,zapovjadvam,11,4,7
4569,command,megparanczol,12,4,8,komanduvam,10,4,6
4572,command,felszolit,9,3,6,komanduvam,10,4,6
4575,obey,hallgat,7,2,5,podcinjavam,11,4,7
4576,obey,engedelmeskedik,15,6,9,podcinjavam,11,4,7
4577,obey,hallgat,7,2,5,pokorjavam,10,4,6
4578,obey,engedelmeskedik,15,6,9,pokorjavam,10,4,6
4579,obey,hallgat,7,2,5,sledvam,7,2,5
4580,obey,engedelmeskedik,15,6,9,sledvam,7,2,5
4581,obey,hallgat,7,2,5,slusam,6,2,4
4582,obey,engedelmeskedik,15,6,9,slusam,6,2,4
4591,let,megenged,8,3,5,pozvoljavam,11,4,7
4593,let,megenged,8,3,5,razresavam,10,4,6
4595,let,megenged,8,3,5,puskam,6,2,4
4597,friend,barat,5,2,3,prijatel,8,3,5
4599,friend,haver,5,2,3,prijatel,8,3,5
4601,friend,barat,5,2,3,drugar,6,2,4
4603,friend,haver,5,2,3,drugar,6,2,4
4613,enemy,ellenseg,8,3,5,vrag,4,1,3
4614,enemy,ellenseg,8,3,5,neprijatel,10,4,6
4617,neighbor,szomszed,8,2,6,sased,5,2,3
4618,stranger,idegen,6,3,3,nepoznat,8,3,5
4619,stranger,idegen,6,3,3,cuzdenec,8,3,5
4622,guest,vendeg,6,2,4,gost,4,1,3
4624,host,gazda,5,2,3,domakin,7,3,4
4625,help,segit,5,2,3,pomagam,7,3,4
4626,help,tamogat,7,3,4,pomagam,7,3,4
4627,hinder,zavar,5,2,3,vazprepjatstvuvam,17,5,12
4629,hinder,haborgat,8,3,5,vazprepjatstvuvam,17,5,12
4631,hinder,akadalyoz,9,5,4,vazprepjatstvuvam,17,5,12
4633,hinder,zavar,5,2,3,preca,5,2,3
4635,hinder,haborgat,8,3,5,preca,5,2,3
4637,hinder,akadalyoz,9,5,4,preca,5,2,3
4639,custom,mod,3,1,2,obicaj,6,3,3
4645,strife,veszekedes,10,4,6,konflikt,8,2,6
4647,strife,vita,4,2,2,konflikt,8,2,6
4649,strife,veszekedes,10,4,6,kavga,5,2,3
4651,strife,vita,4,2,2,kavga,5,2,3
4653,strife,veszekedes,10,4,6,karanica,8,4,4
4655,strife,vita,4,2,2,karanica,8,4,4
4657,strife,veszekedes,10,4,6,razpra,6,2,4
4659,strife,vita,4,2,2,razpra,6,2,4
4661,strife,veszekedes,10,4,6,spor,4,1,3
4663,strife,vita,4,2,2,spor,4,1,3
4685,conspiracy,megigezes,9,4,5,zagovor,7,3,4
4687,conspiracy,radvasas,8,3,5,zagovor,7,3,4
4689,conspiracy,megigezes,9,4,5,konspiracija,12,5,7
4691,conspiracy,radvasas,8,3,5,konspiracija,12,5,7
4693,meet,megtalal,8,3,5,srestam,7,2,5
4694,prostitute,prostitualt,11,4,7,prostitutka,11,4,7
4696,prostitute,keyn,4,2,2,prostitutka,11,4,7
4698,prostitute,prostitualt,11,4,7,publicnazena,12,5,7
4700,prostitute,keyn,4,2,2,publicnazena,12,5,7
4718,fight,harcol,6,2,4,srazavamse,10,4,6
4720,fight,kuzol,5,2,3,srazavamse,10,4,6
4722,fight,harcol,6,2,4,borjase,7,3,4
4724,fight,kuzol,5,2,3,borjase,7,3,4
4726,fight,harcol,6,2,4,bijase,6,3,3
4728,fight,kuzol,5,2,3,bijase,6,3,3
4730,fight,harcol,6,2,4,vojuvam,7,3,4
4732,fight,kuzol,5,2,3,vojuvam,7,3,4
4766,war,haboru,6,3,3,vojna,5,2,3
4767,war,haboru,6,3,3,srazenie,8,4,4
4768,war,haboru,6,3,3,boj,3,1,2
4769,peace,beke,4,2,2,mir,3,1,2
4770,army,hadsereg,8,3,5,armija,6,3,3
4772,army,hadsereg,8,3,5,vojska,6,2,4
4774,soldier,katona,6,3,3,vojnik,6,2,4
4775,soldier,katona,6,3,3,voenen,6,3,3
4776,soldier,katona,6,3,3,voin,4,2,2
4777,weapons,fegyver,7,3,4,orazija,7,4,3
4778,club,gombost,7,2,5,tojaga,6,3,3
4779,club,gombost,7,2,5,prat,4,1,3
4780,club,gombost,7,2,5,sopa,4,2,2
4787,sling,parittya,8,4,4,praska,6,2,4
4789,bow,iy,2,2,0,lak,3,1,2
4790,arrow,nyil,4,2,2,strela,6,2,4
4791,spear,kopya,5,3,2,kopie,5,3,2
4793,spear,darda,5,2,3,kopie,5,3,2
4799,sword,kard,4,1,3,mec,3,1,2
4803,gun,fegyver,7,3,4,oradie,6,4,2
4805,gun,agyu,4,3,1,oradie,6,4,2
4807,gun,loveg,5,2,3,oradie,6,4,2
4809,gun,fegyver,7,3,4,puska,5,2,3
4811,gun,agyu,4,3,1,puska,5,2,3
4813,gun,loveg,5,2,3,puska,5,2,3
4815,gun,fegyver,7,3,4,top,3,1,2
4817,gun,agyu,4,3,1,top,3,1,2
4819,gun,loveg,5,2,3,top,3,1,2
4821,armordefensive,pancelzat,9,3,6,bronja,6,2,4
4822,armordefensive,pancelzat,9,3,6,dospexi,7,3,4
4823,armordefensive,pancelzat,9,3,6,riznica,7,3,4
4827,helmet,sisak,5,2,3,slem,4,1,3
4828,helmet,sisak,5,2,3,kaska,5,2,3
4829,shield,payzs,5,2,3,stit,4,1,3
4832,fortress,erd,3,1,2,krepost,7,2,5
4835,tower,torony,6,3,3,kula,4,2,2
4836,victory,gyozelem,8,4,4,pobeda,6,3,3
4839,defeat,vereseg,7,3,4,porazenie,9,5,4
4840,defeat,eltalalas,9,4,5,porazenie,9,5,4
4841,defeat,rarohan,7,3,4,porazenie,9,5,4
4842,defeat,vereseg,7,3,4,pobeda,6,3,3
4843,defeat,eltalalas,9,4,5,pobeda,6,3,3
4844,defeat,rarohan,7,3,4,pobeda,6,3,3
4857,attack,tamadas,7,3,4,napadam,7,3,4
4858,attack,roham,5,2,3,napadam,7,3,4
4861,defend,ov,2,1,1,zastisavam,10,4,6
4862,defend,ved,3,1,2,zastisavam,10,4,6
4863,retreat,viszszalep,10,3,7,otstapvam,9,3,6
4864,retreat,viszszalep,10,3,7,ottegljam,9,3,6
4865,retreat,viszszalep,10,3,7,otdrapvam,9,3,6
4866,surrender,atad,4,2,2,predavam,8,3,5
4867,surrender,atenged,7,3,4,predavam,8,3,5
4868,surrender,atad,4,2,2,kapituliram,11,5,6
4869,surrender,atenged,7,3,4,kapituliram,11,5,6
4870,captive,fogoly,6,3,3,plennik,7,2,5
4872,captive,rab,3,1,2,plennik,7,2,5
4874,captive,fogoly,6,3,3,zatvornik,9,3,6
4876,captive,rab,3,1,2,zatvornik,9,3,6
4886,booty,hadizsakmany,12,5,7,pljacka,7,2,5
4887,booty,hadizsakmany,12,5,7,voennitrofei,12,6,6
4888,ambush,czapda,6,2,4,zasada,6,3,3
4889,ambush,czapda,6,2,4,klopka,6,2,4
4890,ambush,czapda,6,2,4,kapan,5,2,3
4897,law,torveny,7,3,4,pravo,5,2,3
4898,law,yog,3,2,1,pravo,5,2,3
4899,law,torveny,7,3,4,jurisprudencija,15,6,9
4900,law,yog,3,2,1,jurisprudencija,15,6,9
4901,law,torveny,7,3,4,zakon,5,2,3
4902,law,yog,3,2,1,zakon,5,2,3
4903,court,torvenyszek,11,4,7,sad,3,1,2
4905,court,birosag,7,3,4,sad,3,1,2
4911,judge,eletel,6,3,3,sadja,5,2,3
4912,judge,velemenyt,9,4,5,sadja,5,2,3
4913,judgment,itelet,6,3,3,resenie,7,4,3
4914,judgment,itelet,6,3,3,prisada,7,3,4
4915,judgenoun,biro,4,2,2,sadija,6,3,3
4917,plaintiff,felperes,8,3,5,istec,5,2,3
4918,plaintiff,panaszos,8,3,5,istec,5,2,3
4921,defendant,alperes,7,3,4,podsadim,8,3,5
4922,defendant,alperes,7,3,4,otvetnik,8,3,5
4925,witness,tanu,4,2,2,svidetel,8,3,5
4927,swear,eskuttesz,9,3,6,zaklevam,9,3,5
4928,swear,eskuttesz,9,3,6,kalnase,7,3,4
4931,oath,esku,4,2,2,kletva,6,2,4
4934,accuse,vadatemel,9,4,5,obvinjavam,10,4,6
4936,condemn,eltel,5,2,3,osazdam,7,3,4
4937,convict,bnosnektalalyaitel,18,8,10,namiram,7,3,4
4938,convict,bnosnektalalyaitel,18,8,10,osazdam,7,3,4
4939,acquit,felment,7,2,5,opravdavam,10,4,6
4940,guilty,bnos,4,1,3,vinoven,7,3,4
4941,guilty,hibas,5,2,3,vinoven,7,3,4
4942,innocent,artatlan,8,3,5,nevinen,7,3,4
4944,penalty,buntetes,8,3,5,nakazanie,9,5,4
4945,fine,birsag,6,2,4,globa,5,2,3
4949,prison,foghaz,6,2,4,zatvor,6,2,4
4950,prison,borton,6,2,4,zatvor,6,2,4
4951,prison,foghaz,6,2,4,tamnica,7,3,4
4952,prison,borton,6,2,4,tamnica,7,3,4
4953,rape,enszak,6,2,4,iznasilvane,11,5,6
4954,arson,gyuytogatas,11,6,5,palez,5,2,3
4955,religion,vallas,6,2,4,religija,8,4,4
4957,religion,vallas,6,2,4,vjara,5,2,3
4959,God,Isten,5,2,3,Bog,3,1,2
4963,temple,templom,7,2,5,xram,4,1,3
4964,temple,egyhaz,6,3,3,xram,4,1,3
4965,temple,templom,7,2,5,carkva,6,2,4
4966,temple,egyhaz,6,3,3,carkva,6,2,4
4967,temple,templom,7,2,5,cerkva,6,2,4
4968,temple,egyhaz,6,3,3,cerkva,6,2,4
4981,altar,oltar,5,2,3,oltar,5,2,3
4982,sacrifice,aldozat,7,3,4,zertva,6,2,4
4984,sacrifice,aldozat,7,3,4,zertvoprinosenie,16,7,9
4990,worship,istenkenttisztel,16,5,11,preklanjam,10,3,7
4991,worship,istenkenttisztel,16,5,11,obozavam,8,4,4
4992,pray,imadkozik,9,4,5,moljase,7,3,4
4995,priest,pap,3,1,2,svestenik,9,3,6
4997,priest,lelkesz,7,2,5,svestenik,9,3,6
4999,priest,pap,3,1,2,pop,3,1,2
5001,priest,lelkesz,7,2,5,pop,3,1,2
5003,holy,szent,5,1,4,svjat,5,1,4
5005,holy,szent,5,1,4,svesten,7,2,5
5007,preach,predikal,8,3,5,propovjadvam,12,4,8
5009,preach,szentbeszedetmond,17,5,12,propovjadvam,12,4,8
5011,bless,megald,6,2,4,blagoslavjam,12,4,8
5015,curse,elatkoz,7,3,4,proklinam,9,3,6
5016,curse,elatkoz,7,3,4,kalna,5,2,3
5019,fast,boytol,6,3,3,postja,6,2,4
5021,heaven,eg,2,1,1,nebe,4,2,2
5022,heaven,eg,2,1,1,raj,3,1,2
