,Parameter,Hungarian,H Word Length,H Vowel Count,H Consonant Count,Romanian,R Word Length,R Vowel Count,R Consonant Count
0,world,vilag,5,2,3,lume,4,2,2
4,earth,fold,4,1,3,pamint,6,2,4
5,earth,fold,4,1,3,tar,3,1,2
6,earth,talay,5,3,2,pamint,6,2,4
7,earth,talay,5,3,2,tar,3,1,2
28,dust,por,3,1,2,praf,4,1,3
29,dust,por,3,1,2,pulbere,7,3,4
30,mud,sar,3,1,2,noroiu,6,4,2
31,sand,homok,5,2,3,nisip,5,2,3
32,mountain,hegy,4,2,2,munte,5,2,3
33,mountain,hegy,4,2,2,deal,4,2,2
34,mountain,hegy,4,2,2,colina,6,3,3
38,plain,siksag,6,2,4,cimp,4,1,3
39,plain,mez,3,1,2,cimp,4,1,3
42,valley,volgy,5,2,3,vale,4,2,2
43,island,sziget,6,2,4,insula,6,3,3
44,island,sziget,6,2,4,ostrov,6,2,4
45,mainland,szarazfold,10,3,7,continent,9,3,6
46,mainland,kontinens,9,3,6,continent,9,3,6
51,shore,part,4,1,3,mal,3,1,2
52,shore,part,4,1,3,trm,3,0,3
53,shore,part,4,1,3,coasta,6,3,3
60,water,viz,3,1,2,apa,3,2,1
61,sea,tenger,6,2,4,mare,4,2,2
62,lake,to,2,1,1,lac,3,1,2
63,gulf,obol,4,2,2,golf,4,1,3
65,wave,hullam,6,2,4,val,3,1,2
66,wave,hullam,6,2,4,talaz,5,2,3
67,wave,hullam,6,2,4,unda,4,2,2
68,river,folyo,5,3,2,fluviu,6,3,3
69,river,folyo,5,3,2,ri,2,1,1
70,river,folyo,5,3,2,piri,4,2,2
71,river,ar,2,1,1,fluviu,6,3,3
72,river,ar,2,1,1,ri,2,1,1
73,river,ar,2,1,1,piri,4,2,2
74,river,patak,5,2,3,fluviu,6,3,3
75,river,patak,5,2,3,ri,2,1,1
76,river,patak,5,2,3,piri,4,2,2
95,spring,forras,6,2,4,izvor,5,2,3
96,spring,forras,6,2,4,put,3,1,2
97,spring,forras,6,2,4,fintin,6,2,4
98,spring,forras,6,2,4,primavar,8,3,5
99,spring,kut,3,1,2,izvor,5,2,3
100,spring,kut,3,1,2,put,3,1,2
101,spring,kut,3,1,2,fintin,6,2,4
102,spring,kut,3,1,2,primavar,8,3,5
103,spring,tavasz,6,2,4,izvor,5,2,3
104,spring,tavasz,6,2,4,put,3,1,2
105,spring,tavasz,6,2,4,fintin,6,2,4
106,spring,tavasz,6,2,4,primavar,8,3,5
311,woods,erd,3,1,2,padure,6,3,3
312,treecf.,fa,2,1,1,arbore,6,3,3
313,treecf.,fa,2,1,1,copac,5,2,3
314,wood,fanyag,6,3,3,lemn,4,1,3
315,wood,tzifa,5,2,3,lemn,4,1,3
316,stone,k,1,0,1,piatra,6,3,3
317,stone,k,1,0,1,stinc,5,1,4
318,stone,k,1,0,1,roca,4,2,2
319,stone,szikla,6,2,4,piatra,6,3,3
320,stone,szikla,6,2,4,stinc,5,1,4
321,stone,szikla,6,2,4,roca,4,2,2
322,stone,szirt,5,1,4,piatra,6,3,3
323,stone,szirt,5,1,4,stinc,5,1,4
324,stone,szirt,5,1,4,roca,4,2,2
370,sky,eg,2,1,1,cer,3,1,2
372,sun,nap,3,1,2,soare,5,3,2
373,moon,hold,4,1,3,luna,4,2,2
374,star,czillag,7,2,5,stea,4,2,2
376,lightning,villam,6,2,4,fulger,6,2,4
378,thunder,mennydorges,11,4,7,tunet,5,2,3
382,lightningasstriking,zivatar,7,3,4,trasnet,7,2,5
383,lightnoun,feny,4,2,2,lumina,6,3,3
384,lightnoun,vilagossag,10,4,6,lumina,6,3,3
387,darkness,sotegseg,8,3,5,intuneric,9,4,5
393,shade,arnyek,6,3,3,umbra,5,2,3
394,air,leveg,5,2,3,aer,3,2,1
395,air,leveg,5,2,3,vazduh,6,2,4
396,wind,szel,4,1,3,vint,4,1,3
397,wind,szel,4,1,3,incolci,7,3,4
398,wind,szel,4,1,3,infura,6,3,3
399,wind,szel,4,1,3,depana,6,3,3
400,wind,czavar,6,2,4,vint,4,1,3
401,wind,czavar,6,2,4,incolci,7,3,4
402,wind,czavar,6,2,4,infura,6,3,3
403,wind,czavar,6,2,4,depana,6,3,3
404,wind,sodor,5,2,3,vint,4,1,3
405,wind,sodor,5,2,3,incolci,7,3,4
406,wind,sodor,5,2,3,infura,6,3,3
407,wind,sodor,5,2,3,depana,6,3,3
408,wind,fon,3,1,2,vint,4,1,3
409,wind,fon,3,1,2,incolci,7,3,4
410,wind,fon,3,1,2,infura,6,3,3
411,wind,fon,3,1,2,depana,6,3,3
412,wind,beczavar,8,3,5,vint,4,1,3
413,wind,beczavar,8,3,5,incolci,7,3,4
414,wind,beczavar,8,3,5,infura,6,3,3
415,wind,beczavar,8,3,5,depana,6,3,3
596,cloud,felh,4,1,3,nor,3,1,2
597,fog,kod,3,1,2,ceat,4,2,2
598,fog,kod,3,1,2,negura,6,3,3
599,rainnoun,es,2,1,1,ploaie,6,4,2
600,snownoun,ho,2,1,1,zapad,5,2,3
601,ice,yeg,3,2,1,ghiat,5,2,3
602,weather,idyaras,7,4,3,timp,4,1,3
603,weather,idyaras,7,4,3,vreme,5,2,3
604,fire,tz,2,0,2,foc,3,1,2
605,flamenoun,lang,4,1,3,flacar,6,2,4
606,smokenoun,fust,4,1,3,fum,3,1,2
607,ashes,hamu,4,2,2,cenuse,6,3,3
608,light,meggyuyt,8,4,4,aprinde,7,3,4
609,light,meggyuyt,8,4,4,incinge,7,3,4
610,light,eltuzel,7,3,4,aprinde,7,3,4
611,light,eltuzel,7,3,4,incinge,7,3,4
624,matchnoun,gyufa,5,3,2,chibrit,7,2,5
626,person,egyen,5,3,2,om,2,1,1
627,person,ember,5,2,3,om,2,1,1
628,manvs.woman,ferfi,5,2,3,barbat,6,2,4
629,manvs.woman,ferfi,5,2,3,om,2,1,1
630,woman,aszszony,8,3,5,femeie,6,4,2
631,woman,n,1,0,1,femeie,6,4,2
632,male,him,3,1,2,barbtesc,8,2,6
633,female,nnemu,5,2,3,femeiesc,8,4,4
634,boy,fiu,3,2,1,baiat,5,3,2
635,boy,fiu,3,2,1,fat,3,1,2
640,girl,leany,5,3,2,fata,4,2,2
641,child,gyermek,7,3,4,copil,5,2,3
642,infant,czeczem,7,2,5,copilas,7,3,4
643,infant,czeczem,7,2,5,prunc,5,1,4
644,infant,kisbaba,7,3,4,copilas,7,3,4
645,infant,kisbaba,7,3,4,prunc,5,1,4
658,husband,fery,4,2,2,sot,3,1,2
660,wife,feleseg,7,3,4,sotie,5,3,2
661,wife,feleseg,7,3,4,nevasta,7,3,4
664,marry,meghazasodik,12,5,7,secastori,9,4,5
665,marry,meghazasodik,12,5,7,seinsura,8,4,4
666,marry,meghazasodik,12,5,7,semarita,8,4,4
670,marriage,hazassag,8,3,5,casatorie,9,5,4
671,marriage,hazassag,8,3,5,nunta,5,2,3
694,father,apa,3,2,1,tata,4,2,2
696,mother,anya,4,3,1,mama,4,2,2
697,parents,szulk,5,1,4,parin,5,2,3
698,son,fiu,3,2,1,fiu,3,2,1
700,daughter,leany,5,3,2,fic,3,1,2
701,brother,fiver,5,2,3,frate,5,2,3
702,sister,nver,4,1,3,sora,4,2,2
703,grandfather,nagyapa,7,4,3,tatamare,8,4,4
704,grandfather,nagyapa,7,4,3,bunic,5,2,3
705,grandmother,nagyanya,8,5,3,mamamare,8,4,4
706,grandmother,nagyanya,8,5,3,bunica,6,3,3
707,grandson,fiuunoka,8,5,3,nepot,5,2,3
708,granddaughter,leanyunoka,10,6,4,nepoata,7,4,3
709,uncle,nagybaczi,9,4,5,unchiu,6,3,3
711,aunt,nagyneni,8,4,4,matu,4,2,2
713,nephew,unokaocz,8,4,4,nepot,5,2,3
714,niece,unokahug,8,4,4,nepoata,7,4,3
715,cousin,unokatestver,12,5,7,var,3,1,2
716,cousin,unokatestver,12,5,7,vara,4,2,2
717,cousin,unokatestver,12,5,7,verisor,7,3,4
718,cousin,unokatestver,12,5,7,verisoar,8,4,4
719,ancestors,sok,3,1,2,stramosi,8,3,5
720,ancestors,sok,3,1,2,strabuni,8,3,5
721,ancestors,eldok,5,2,3,stramosi,8,3,5
722,ancestors,eldok,5,2,3,strabuni,8,3,5
735,descendants,leszarmazottak,14,5,9,descendenti,11,4,7
736,descendants,leszarmazottak,14,5,9,coboritori,10,5,5
739,fatherinlawofaman,apos,4,2,2,socru,5,2,3
740,motherinlawofaman,anyos,5,3,2,socra,5,2,3
741,soninlawofaman,v,1,0,1,ginere,6,3,3
742,daughterinlawofaman,meny,4,2,2,nora,4,2,2
743,stepfather,mostohapa,9,4,5,tatavitreg,10,4,6
746,stepmother,mostohanya,10,5,5,mamavitreg,10,4,6
748,stepson,mostohafiu,10,5,5,fiuvitreg,9,4,5
752,stepdaughter,mostohaleany,12,6,6,fatavitreg,10,4,6
754,orphan,arva,4,2,2,orfan,5,2,3
755,orphan,arva,4,2,2,orfana,6,3,3
766,widow,ozvegy,6,3,3,vaduv,5,2,3
767,relatives,rokon,5,2,3,rude,4,2,2
769,family,czalad,6,2,4,familie,7,4,3
771,animal,allat,5,2,3,animal,6,3,3
772,animal,allat,5,2,3,bestie,6,3,3
779,maleadj,him,3,1,2,barbatesc,9,3,6
782,femaleadj,nsteny,6,2,4,femeiesc,8,4,4
785,livestock,allatallomany,13,6,7,vite,4,2,2
786,livestock,allatallomany,13,6,7,dobitoc,7,3,4
789,pasture,legel,5,2,3,paste,5,2,3
795,herdsman,pasztor,7,2,5,cioban,6,3,3
796,herdsman,pasztor,7,2,5,pastor,6,2,4
799,stable,istallo,7,3,4,staul,5,2,3
800,stable,istallo,7,3,4,grajd,5,1,4
811,cattlebovine,marha,5,2,3,vite,4,2,2
815,bull,bika,4,2,2,taur,4,2,2
817,ox,okor,4,2,2,bou,3,2,1
818,cow,tehen,5,2,3,vaca,4,2,2
819,calf,boryu,5,3,2,vitel,5,2,3
820,sheep,yuh,3,2,1,oaie,4,4,0
821,sheep,birka,5,2,3,oaie,4,4,0
824,ram,kos,3,1,2,berbec,6,2,4
825,ram,uru,3,2,1,berbec,6,2,4
826,ram,yuh,3,2,1,berbec,6,2,4
830,ewe,nstenyyuh,9,4,5,oaie,4,4,0
831,lamb,kisbarany,9,4,5,micl,4,1,3
832,boar,vaddiszno,9,3,6,vier,4,2,2
835,sow,diszno,6,2,4,scroafa,7,3,4
836,sow,diszno,6,2,4,purcea,6,3,3
837,sow,diszno,6,2,4,semana,6,3,3
838,sow,diszno,6,2,4,samina,6,3,3
839,sow,sertes,6,2,4,scroafa,7,3,4
840,sow,sertes,6,2,4,purcea,6,3,3
841,sow,sertes,6,2,4,semana,6,3,3
842,sow,sertes,6,2,4,samina,6,3,3
843,sow,vet,3,1,2,scroafa,7,3,4
844,sow,vet,3,1,2,purcea,6,3,3
845,sow,vet,3,1,2,semana,6,3,3
846,sow,vet,3,1,2,samina,6,3,3
943,pig,malac,5,2,3,purcel,6,2,4
944,goat,keczke,6,2,4,capra,5,2,3
945,hegoat,bakkeczke,9,3,6,tap,3,1,2
946,kid,keczkegida,10,4,6,caprioara,9,5,4
948,horseequine,lomen,5,2,3,cal,3,1,2
949,stallion,czdor,5,1,4,armasar,7,3,4
950,stallion,men,3,1,2,armasar,7,3,4
953,mare,kanca,5,2,3,iapa,4,3,1
954,foal,cziko,5,2,3,minz,4,1,3
956,ass,szamar,6,2,4,asin,4,2,2
957,ass,szamar,6,2,4,magar,5,2,3
964,mule,oszver,6,2,4,catir,5,2,3
966,cock,kakas,5,2,3,cocos,5,2,3
967,hen,tyuk,4,2,2,gain,4,2,2
968,chicken,czibe,5,2,3,puiudegain,10,6,4
970,goose,liba,4,2,2,gisc,4,1,3
971,duck,kacza,5,2,3,rat,3,1,2
972,bird,madar,5,2,3,pasare,6,3,3
974,dog,kutya,5,3,2,ciine,5,3,2
975,dog,eb,2,1,1,ciine,5,3,2
976,cat,maczka,6,2,4,pisica,6,3,3
977,mouse,eger,4,2,2,soarece,7,4,3
978,mouse,patkany,7,3,4,soarece,7,4,3
981,fish,hal,3,1,2,peste,5,2,3
982,wolf,farkas,6,2,4,lup,3,1,2
984,lion,oroszlan,8,3,5,leu,3,2,1
985,bear,medve,5,2,3,urs,3,1,2
986,fox,roka,4,2,2,vulpe,5,2,3
987,deer,szarvas,7,2,5,cerb,4,1,3
989,monkey,mayom,5,3,2,maimut,6,3,3
990,elephant,elefant,7,3,4,elefant,7,3,4
991,camel,teve,4,2,2,camil,5,2,3
993,bee,meh,3,1,2,albina,6,3,3
994,fly,legy,4,2,2,musca,5,2,3
995,fly,legy,4,2,2,sbura,5,2,3
996,fly,repul,5,2,3,musca,5,2,3
997,fly,repul,5,2,3,sbura,5,2,3
1010,worm,kukac,5,2,3,vierme,6,3,3
1011,worm,fereg,5,2,3,vierme,6,3,3
1012,snake,kigyo,5,3,2,sarpe,5,2,3
1016,body,test,4,1,3,corp,4,1,3
1018,skin,br,2,0,2,piele,5,3,2
1019,flesh,hus,3,1,2,carne,5,2,3
1020,hairhead,hayszal,7,3,4,par,3,1,2
1022,beard,szakall,7,2,5,barba,5,2,3
1023,blood,ver,3,1,2,singe,5,2,3
1024,bone,czont,5,1,4,os,2,1,1
1025,rib,borda,5,2,3,coasta,6,3,3
1026,horn,szarv,5,1,4,corn,4,1,3
1027,horn,kurt,4,1,3,corn,4,1,3
1028,horn,cz,2,0,2,corn,4,1,3
1074,tail,farok,5,2,3,coada,5,3,2
1075,back,hat,3,1,2,spate,5,2,3
1076,back,hat,3,1,2,dos,3,1,2
1079,head,fey,3,2,1,cap,3,1,2
1081,skull,koponya,7,4,3,craniu,6,3,3
1085,brain,agy,3,2,1,creieri,7,4,3
1086,face,arc,3,1,2,fat,3,1,2
1087,face,arc,3,1,2,obraz,5,2,3
1088,forehead,homlok,6,2,4,frunte,6,2,4
1089,jaw,allkapocz,9,3,6,falca,5,2,3
1091,cheek,orca,4,2,2,obraz,5,2,3
1092,cheek,orca,4,2,2,buca,4,2,2
1095,chin,all,3,1,2,barbie,6,3,3
1097,eye,szem,4,1,3,ochiu,5,3,2
1098,eyebrow,szemoldok,9,3,6,sprincean,9,3,6
1099,ear,ful,3,1,2,ureche,6,3,3
1100,nose,orr,3,1,2,nas,3,1,2
1101,mouth,szay,4,2,2,gura,4,2,2
1102,lip,ayak,4,3,1,buza,4,2,2
1103,tongue,nyelv,5,2,3,limba,5,2,3
1104,tooth,fog,3,1,2,dinte,5,2,3
1105,neck,nyak,4,2,2,git,3,1,2
1107,throat,torok,5,2,3,gitlej,6,2,4
1108,throat,torok,5,2,3,beregata,8,4,4
1111,shoulder,vall,4,1,3,umar,4,2,2
1112,arm,kar,3,1,2,brat,4,1,3
1113,elbow,konyok,6,3,3,cot,3,1,2
1114,hand,kez,3,1,2,min,3,1,2
1115,finger,uyy,3,3,0,deget,5,2,3
1116,thumb,huvelykuyy,10,6,4,degetulcelgros,14,5,9
1117,thumb,huvelykuyy,10,6,4,policar,7,3,4
1118,fingernail,korom,5,2,3,unghis,6,2,4
1119,leg,lab,3,1,2,picior,6,3,3
1121,knee,terd,4,1,3,genunchiu,9,4,5
1122,foot,lab,3,1,2,picior,6,3,3
1126,toe,labuyy,6,4,2,degetdelapicior,15,7,8
1127,wing,szarny,6,2,4,aripa,5,3,2
1128,feather,toll,4,1,3,pana,4,2,2
1130,chest,mell,4,1,3,piept,5,2,3
1132,breastofwoman,mell,4,1,3,ti,2,1,1
1134,udder,tgy,3,1,2,uger,4,2,2
1136,navel,koldok,6,2,4,buric,5,2,3
1137,heart,sziv,4,1,3,inima,5,3,2
1138,liver,may,3,2,1,ficat,5,2,3
1139,stomach,gyomor,6,3,3,pintece,7,3,4
1140,stomach,gyomor,6,3,3,stomac,6,2,4
1159,womb,anyameh,7,4,3,pintece,7,3,4
1163,testicle,here,4,2,2,testicul,8,3,5
1164,testicle,here,4,2,2,bos,3,1,2
1165,testicle,here,4,2,2,coi,3,2,1
1169,penis,penisz,6,2,4,put,3,1,2
1171,breathe,legelzik,8,3,5,rasufla,7,3,4
1172,breathe,legelzik,8,3,5,rasuflare,9,4,5
1173,breathe,legezes,7,3,4,rasufla,7,3,4
1174,breathe,legezes,7,3,4,rasuflare,9,4,5
1179,yawn,cisit,5,2,3,casca,5,2,3
1185,cough,kohog,5,2,3,tusi,4,2,2
1186,sneeze,tuszszent,9,2,7,stranuta,8,3,5
1188,perspire,izzad,5,2,3,sudoare,7,4,3
1189,perspire,izzad,5,2,3,nadueal,7,4,3
1190,spit,kop,3,1,2,scuipa,6,3,3
1196,vomit,kihany,6,3,3,varsa,5,2,3
1197,vomit,kihany,6,3,3,vomita,6,3,3
1198,vomit,okadik,6,3,3,varsa,5,2,3
1199,vomit,okadik,6,3,3,vomita,6,3,3
1204,bite,harap,5,2,3,musca,5,2,3
1206,lick,nyal,4,2,2,linge,5,2,3
1212,sleep,alszik,6,2,4,dormi,5,2,3
1213,sleep,alszik,6,2,4,somn,4,1,3
1216,dream,almodik,7,3,4,vis,3,1,2
1217,wakeup,ebred,5,2,3,destepta,8,3,5
1219,breakwind,szellent,8,2,6,bai,3,2,1
1220,urinate,vizel,5,2,3,urina,5,3,2
1221,urinate,vizel,5,2,3,pisa,4,2,2
1224,defecate,belsar,6,2,4,caca,4,2,2
1225,defecate,belsar,6,2,4,cacat,5,2,3
1226,havesexualintercourse,kozosul,7,3,4,fute,4,2,2
1228,begetoffather,szuletik,8,3,5,naste,5,2,3
1229,borntobe,szul,4,1,3,naste,5,2,3
1231,pregnant,terhes,6,2,4,insrcinat,9,3,6
1232,pregnant,terhes,6,2,4,grea,4,2,2
1233,pregnant,allapotos,9,4,5,insrcinat,9,3,6
1234,pregnant,allapotos,9,4,5,grea,4,2,2
1239,live,el,2,1,1,trai,4,2,2
1240,live,el,2,1,1,vietui,6,4,2
1241,live,el,2,1,1,viu,3,2,1
1242,live,el,2,1,1,invia,5,3,2
1243,live,el,2,1,1,viat,4,2,2
1244,live,elet,4,2,2,trai,4,2,2
1245,live,elet,4,2,2,vietui,6,4,2
1246,live,elet,4,2,2,viu,3,2,1
1247,live,elet,4,2,2,invia,5,3,2
1248,live,elet,4,2,2,viat,4,2,2
1329,die,meghal,6,2,4,muri,4,2,2
1330,die,meghal,6,2,4,mort,4,1,3
1331,die,meghal,6,2,4,moarte,6,3,3
1332,die,halott,6,2,4,muri,4,2,2
1333,die,halott,6,2,4,mort,4,1,3
1334,die,halott,6,2,4,moarte,6,3,3
1383,kill,megol,5,2,3,omori,5,3,2
1384,kill,megol,5,2,3,ucide,5,3,2
1385,corpse,hulla,5,2,3,cadavru,7,3,4
1386,corpse,hulla,5,2,3,les,3,1,2
1387,corpse,tetem,5,2,3,cadavru,7,3,4
1388,corpse,tetem,5,2,3,les,3,1,2
1397,burythedead,eltemet,7,3,4,inmormintag,11,4,7
1398,burythedead,eltemet,7,3,4,ingropa,7,3,4
1399,grave,sir,3,1,2,mormint,7,2,5
1400,grave,sir,3,1,2,groapa,6,3,3
1403,strong,ers,3,1,2,tare,4,2,2
1404,strong,ers,3,1,2,puternic,8,3,5
1405,strong,hatalmas,8,3,5,tare,4,2,2
1406,strong,hatalmas,8,3,5,puternic,8,3,5
1419,weak,gyenge,6,3,3,slab,4,1,3
1420,well,egeszseges,10,4,6,santos,6,2,4
1421,well,egeszseges,10,4,6,santate,7,3,4
1422,well,egeszseg,8,3,5,santos,6,2,4
1423,well,egeszseg,8,3,5,santate,7,3,4
1436,sick,beteg,5,2,3,bolnav,6,2,4
1437,sick,beteg,5,2,3,boala,5,3,2
1438,sick,betegseg,8,3,5,bolnav,6,2,4
1439,sick,betegseg,8,3,5,boala,5,3,2
1452,wound,seb,3,1,2,rana,4,2,2
1454,cure,apol,4,2,2,vindeca,7,3,4
1455,cure,apol,4,2,2,tamdui,6,3,3
1456,cure,kezel,5,2,3,vindeca,7,3,4
1457,cure,kezel,5,2,3,tamdui,6,3,3
1462,physician,orvos,5,2,3,medic,5,2,3
1466,medicine,orvossag,8,3,5,medicament,10,4,6
1467,medicine,orvossag,8,3,5,leac,4,2,2
1468,medicine,orvossag,8,3,5,doctorie,8,4,4
1478,poison,mereg,5,2,3,otrava,6,3,3
1479,poison,mereg,5,2,3,venin,5,2,3
1480,tired,faradt,6,2,4,obosit,6,3,3
1481,tired,kimerult,8,3,5,obosit,6,3,3
1484,lazy,lusta,5,2,3,lenes,5,2,3
1485,lazy,lusta,5,2,3,trindav,7,2,5
1488,bald,kopasz,6,2,4,chel,4,1,3
1489,bald,kopasz,6,2,4,plesuv,6,2,4
1492,lame,santa,5,2,3,schiop,6,2,4
1497,deaf,suket,5,2,3,surd,4,1,3
1499,mute,nema,4,2,2,mut,3,1,2
1502,blind,vak,3,1,2,orb,3,1,2
1504,intoxicated,reszeg,6,2,4,beat,4,2,2
1506,naked,meztelen,8,3,5,gol,3,1,2
1507,naked,pucer,5,2,3,gol,3,1,2
1508,eat,eszik,5,2,3,minca,5,2,3
1510,food,etel,4,2,2,hrana,5,2,3
1511,food,etel,4,2,2,mincare,7,3,4
1514,green,zold,4,1,3,verde,5,2,3
1515,green,nyers,5,2,3,verde,5,2,3
1530,drink,iszik,5,2,3,bea,3,2,1
1531,hunger,ehseg,5,2,3,foame,5,3,2
1532,thirst,szomyusag,9,4,5,sete,4,2,2
1533,suck,sziv,4,1,3,suge,4,2,2
1536,cook,fz,2,0,2,gati,4,2,2
1537,cook,fz,2,0,2,coace,5,3,2
1540,boil,forral,6,2,4,fierbe,6,3,3
1544,roast,sut,3,1,2,frige,5,2,3
1545,roast,sut,3,1,2,praji,5,2,3
1556,bake,sut,3,1,2,coaceincuptor,13,6,7
1558,oven,tzhely,6,2,4,cuptor,6,2,4
1559,oven,kalyha,6,3,3,cuptor,6,2,4
1562,pot,edeny,5,3,2,oala,4,3,1
1563,pot,fazek,5,2,3,oala,4,3,1
1568,kettle,ust,3,1,2,caldare,7,3,4
1574,pan,serpeny,7,3,4,tigaie,6,4,2
1575,pan,serpeny,7,3,4,tingire,7,3,4
1576,pan,serpeny,7,3,4,cratit,6,2,4
1586,dish,edeny,5,3,2,farfurie,8,4,4
1590,bowl,tal,3,1,2,strachina,9,3,6
1591,bowl,tal,3,1,2,bol,3,1,2
1602,pitcher,koczog,6,2,4,urcior,6,3,3
1603,pitcher,korso,5,2,3,urcior,6,3,3
1614,cup,czesze,6,2,4,ceasc,5,2,3
1615,cup,czesze,6,2,4,cupa,4,2,2
1622,spoon,kanal,5,2,3,lingura,7,3,4
1623,knife,kes,3,1,2,cutit,5,2,3
1624,fork,villa,5,2,3,furculit,8,3,5
1625,fork,villa,5,2,3,furca,5,2,3
1636,meala,etkezes,7,3,4,masa,4,2,2
1637,meala,etkezes,7,3,4,mincare,7,3,4
1638,breakfast,reggeli,7,3,4,prinisor,8,3,5
1639,breakfast,tizorai,7,4,3,prinisor,8,3,5
1640,lunch,loncz,5,1,4,dejun,5,2,3
1641,lunch,etkezes,7,3,4,dejun,5,2,3
1642,dinner,ebed,4,2,2,prinz,5,1,4
1643,dinner,ebed,4,2,2,masa,4,2,2
1654,supper,vaczora,7,3,4,masadesear,10,5,5
1655,supper,vaczora,7,3,4,cina,4,2,2
1656,supper,vaczora,7,3,4,ojina,5,3,2
1657,bread,kenyer,6,3,3,piine,5,3,2
1658,dough,teszta,6,2,4,aluat,5,3,2
1659,knead,dagaszt,7,2,5,framinta,8,3,5
1660,knead,gyur,4,2,2,framinta,8,3,5
1671,meal,liszt,5,1,4,fain,4,2,2
1672,crush,rol,3,1,2,macina,6,3,3
1673,crush,daral,5,2,3,macina,6,3,3
1676,mill,malom,5,2,3,moara,5,3,2
1677,mill,malom,5,2,3,rini,4,2,2
1680,meat,hus,3,1,2,carne,5,2,3
1681,sausage,kolbaszfeleseg,14,5,9,cirna,5,2,3
1682,sausage,hurka,5,2,3,cirna,5,2,3
1697,soup,leves,5,2,3,supa,4,2,2
1698,soup,leves,5,2,3,ciorba,6,3,3
1705,vegetables,zoldsegfelek,12,4,8,legume,6,3,3
1706,vegetables,zoldsegfelek,12,4,8,zarzavat,8,3,5
1713,bean,bab,3,1,2,fasole,6,3,3
1714,bean,paszuly,7,3,4,fasole,6,3,3
1725,potato,burgonya,8,4,4,cartof,6,2,4
1726,potato,krumpli,7,2,5,cartof,6,2,4
1729,fruit,gyumolcz,8,3,5,poama,5,3,2
1730,fruit,gyumolcz,8,3,5,fruct,5,1,4
1733,fig,fuge,4,2,2,smochina,8,3,5
1734,grape,szl,3,0,3,strugure,8,3,5
1735,olive,olayfa,6,4,2,maslin,6,2,4
1736,olive,oliva,5,3,2,maslin,6,2,4
1737,oil,olay,4,3,1,uleiu,5,4,1
1739,salt,so,2,1,1,sare,4,2,2
1740,pepper,bors,4,1,3,piper,5,2,3
1744,honey,mez,3,1,2,miere,5,3,2
1745,sugar,cukor,5,2,3,zahar,5,2,3
1746,milknoun,tey,3,2,1,lapte,5,2,3
1747,milk,fey,3,2,1,mulge,5,2,3
1748,cheese,sayt,4,2,2,brinza,6,2,4
1750,butter,vay,3,2,1,unt,3,1,2
1751,wine,bor,3,1,2,vin,3,1,2
1752,beer,sor,3,1,2,bere,4,2,2
1753,putonclothes,feloltozik,10,4,6,imbrca,6,2,4
1754,clothing,ruha,4,2,2,imbrcminte,10,3,7
1755,clothing,ruha,4,2,2,haine,5,3,2
1756,clothing,oltony,6,3,3,imbrcminte,10,3,7
1757,clothing,oltony,6,3,3,haine,5,3,2
1770,tailor,szabo,5,2,3,croitor,7,3,4
1776,cloth,szovet,6,2,4,stofa,5,2,3
1777,cloth,szovet,6,2,4,postav,6,2,4
1778,cloth,szovet,6,2,4,panur,5,2,3
1779,cloth,vaszon,6,2,4,stofa,5,2,3
1780,cloth,vaszon,6,2,4,postav,6,2,4
1781,cloth,vaszon,6,2,4,panur,5,2,3
1836,wool,gyapyu,6,4,2,lin,3,1,2
1838,linen,lenvaszon,9,3,6,pinz,4,1,3
1839,linen,lenvaszon,9,3,6,in,2,1,1
1840,linen,gyolcz,6,2,4,pinz,4,1,3
1841,linen,gyolcz,6,2,4,in,2,1,1
1842,linen,len,3,1,2,pinz,4,1,3
1843,linen,len,3,1,2,in,2,1,1
1850,cotton,gyapot,6,3,3,bumbac,6,2,4
1851,cotton,pamut,5,2,3,bumbac,6,2,4
1852,silk,selyem,6,3,3,matase,6,3,3
1853,felt,nemez,5,2,3,pisl,4,1,3
1854,felt,filc,4,1,3,pisl,4,1,3
1869,fur,szrme,5,1,4,blana,5,2,3
1870,fur,prem,4,1,3,blana,5,2,3
1871,leather,br,2,0,2,piele,5,3,2
1872,spin,fon,3,1,2,toarce,6,3,3
1876,spindle,orso,4,2,2,fus,3,1,2
1878,weave,sz,2,0,2,tese,4,2,2
1879,weave,sz,2,0,2,impleti,7,3,4
1880,weave,fon,3,1,2,tese,4,2,2
1881,weave,fon,3,1,2,impleti,7,3,4
1910,loom,szovgep,7,2,5,razboiu,7,4,3
1911,loom,kotgep,6,2,4,razboiu,7,4,3
1916,sew,varr,4,1,3,coase,5,3,2
1917,needle,tu,2,1,1,ac,2,1,1
1918,awl,ar,2,1,1,sula,4,2,2
1921,thread,fonal,5,2,3,fir,3,1,2
1922,thread,szal,4,1,3,fir,3,1,2
1923,dye,fest,4,1,3,boi,3,2,1
1924,dye,fest,4,1,3,vapsi,5,2,3
1927,cloak,pelerin,7,3,4,manta,5,2,3
1928,cloak,kopeny,6,3,3,manta,5,2,3
1937,coat,zako,4,2,2,haina,5,3,2
1939,shirt,ing,3,1,2,cama,4,2,2
1941,collar,galler,6,2,4,guler,5,2,3
1942,collar,galler,6,2,4,guleras,7,3,4
1945,skirt,szoknya,7,3,4,fusta,5,2,3
1949,trousers,nadrag,6,2,4,pantaloni,9,4,5
1950,stocking,zokni,5,2,3,ciorap,6,3,3
1951,stocking,harisnya,8,4,4,ciorap,6,3,3
1954,shoe,cip,3,1,2,gheata,6,3,3
1955,shoe,cip,3,1,2,incalaminte,11,5,6
1956,boot,czizma,6,2,4,cizma,5,2,3
1959,shoemaker,cipesz,6,2,4,cizmar,6,2,4
1962,hat,kalap,5,2,3,palrie,6,3,3
1963,hat,kalap,5,2,3,sapc,4,1,3
1964,hat,sapka,5,2,3,palrie,6,3,3
1965,hat,sapka,5,2,3,sapc,4,1,3
1974,belt,ov,2,1,1,cingatoare,10,5,5
1975,belt,ov,2,1,1,curea,5,3,2
1976,belt,ov,2,1,1,colan,5,2,3
1986,glove,keszty,6,2,4,manu,4,2,2
1987,veil,fatyol,6,3,3,val,3,1,2
1993,pocket,zseb,4,1,3,buzunar,7,3,4
1994,button,gomb,4,1,3,nasture,7,3,4
1998,pin,gombost,7,2,5,accugamlie,10,5,5
2000,ornament,disz,4,1,3,podoaba,7,4,3
2004,jewel,ekszer,6,2,4,giuvaer,7,4,3
2006,ringforfinger,gyr,3,1,2,inel,4,2,2
2007,bracelet,karkot,6,2,4,braar,5,2,3
2009,necklace,nyakek,6,3,3,colier,6,3,3
2010,necklace,nyakek,6,3,3,ghiordan,8,3,5
2011,necklace,nyaklanc,8,3,5,colier,6,3,3
2012,necklace,nyaklanc,8,3,5,ghiordan,8,3,5
2045,handkerchief,zsebkend,8,2,6,batista,7,3,4
2046,handkerchief,zsebkend,8,2,6,basma,5,2,3
2049,towel,kend,4,1,3,prosop,6,2,4
2050,towel,kend,4,1,3,peschir,7,2,5
2051,towel,szalveta,8,3,5,prosop,6,2,4
2052,towel,szalveta,8,3,5,peschir,7,2,5
2061,comb,fes,3,1,2,pieptene,8,4,4
2062,brush,kefe,4,2,2,perie,5,3,2
2063,razor,borotva,7,3,4,briciu,6,3,3
2064,ointment,kencz,5,1,4,unsoare,7,4,3
2065,ointment,kencz,5,1,4,alifie,6,4,2
2066,ointment,krem,4,1,3,unsoare,7,4,3
2067,ointment,krem,4,1,3,alifie,6,4,2
2076,soap,szappan,7,2,5,sapun,5,2,3
2077,mirror,tukor,5,2,3,oglinda,7,3,4
2078,dwell,lakik,5,2,3,locui,5,3,2
2079,dwell,lakik,5,2,3,sedeatri,8,4,4
2080,dwell,el,2,1,1,locui,5,3,2
2081,dwell,el,2,1,1,sedeatri,8,4,4
2086,house,haz,3,1,2,casa,4,2,2
2090,hut,kunyho,6,3,3,coliba,6,3,3
2091,hut,kunyho,6,3,3,bordeiu,7,4,3
2092,hut,visko,5,2,3,coliba,6,3,3
2093,hut,visko,5,2,3,bordeiu,7,4,3
2094,hut,vityillo,8,4,4,coliba,6,3,3
2095,hut,vityillo,8,4,4,bordeiu,7,4,3
2114,tent,sator,5,2,3,cort,4,1,3
2115,tent,sator,5,2,3,satr,4,1,3
2116,yard,udvar,5,2,3,curte,5,2,3
2117,room,szoba,5,2,3,odaie,5,4,1
2118,room,szoba,5,2,3,camera,6,3,3
2121,door,ayto,4,3,1,us,2,1,1
2122,door,ayto,4,3,1,poarta,6,3,3
2123,door,kapu,4,2,2,us,2,1,1
2124,door,kapu,4,2,2,poarta,6,3,3
2153,locknoun,zar,3,1,2,broasca,7,3,4
2154,locknoun,lakat,5,2,3,broasca,7,3,4
2159,key,kulcz,5,1,4,cheie,5,3,2
2161,window,ablak,5,2,3,fereastrageam,13,6,7
2163,floor,padlo,5,2,3,pardoseala,10,5,5
2164,floor,padlo,5,2,3,dusumea,7,4,3
2165,wall,fal,3,1,2,zid,3,1,2
2166,wall,fal,3,1,2,parete,6,3,3
2167,fireplace,kandallo,8,3,5,vatra,5,2,3
2168,fireplace,kandallo,8,3,5,camin,5,2,3
2169,fireplace,tzhely,6,2,4,vatra,5,2,3
2170,fireplace,tzhely,6,2,4,camin,5,2,3
2175,stove,tzhely,6,2,4,soba,4,2,2
2176,stove,kalyha,6,3,3,soba,4,2,2
2179,chimney,cz,2,0,2,cos,3,1,2
2180,bed,agy,3,2,1,pat,3,1,2
2182,chair,szek,4,1,3,scaun,5,2,3
2183,table,asztal,6,2,4,masa,4,2,2
2186,lamp,lampa,5,2,3,lampa,5,2,3
2190,candle,gyertya,7,4,3,luminare,8,4,4
2192,farmer,foldmves,8,2,6,agricultor,10,4,6
2193,farmer,foldmves,8,2,6,tran,4,1,3
2194,farmer,paraszt,7,2,5,agricultor,10,4,6
2195,farmer,paraszt,7,2,5,tran,4,1,3
2204,fieldforcultivation,szantofold,10,3,7,cimp,4,1,3
2205,garden,kert,4,1,3,gradin,6,2,4
2206,garden,gyumolczos,10,4,6,gradin,6,2,4
2211,cultivate,megmvel,7,2,5,cultiva,7,3,4
2217,plow,felszant,8,2,6,ara,3,2,1
2218,plow,felszant,8,2,6,plug,4,1,3
2233,furrow,barazda,7,3,4,brazda,6,2,4
2236,dig,felas,5,2,3,sapa,4,2,2
2238,spade,aso,3,2,1,lopata,6,3,3
2244,shovel,lapat,5,2,3,lopata,6,3,3
2246,hoe,kapa,4,2,2,sapa,4,2,2
2248,rake,gereblye,8,4,4,grebla,6,2,4
2254,mow,learat,6,3,3,secera,6,3,3
2255,mow,learat,6,3,3,cosi,4,2,2
2256,mow,lekaszal,8,3,5,secera,6,3,3
2257,mow,lekaszal,8,3,5,cosi,4,2,2
2270,sickle,sarlo,5,2,3,secere,6,3,3
2271,sickle,sarlo,5,2,3,coasa,5,3,2
2272,sickle,kasza,5,2,3,secere,6,3,3
2273,sickle,kasza,5,2,3,coasa,5,3,2
2294,thresh,kiczepel,8,3,5,treera,6,3,3
2295,threshingfloor,szerskert,9,2,7,arie,4,3,1
2297,crop,aratas,6,3,3,seceris,7,3,4
2298,crop,aratas,6,3,3,recolta,7,3,4
2299,crop,termes,6,2,4,seceris,7,3,4
2300,crop,termes,6,2,4,recolta,7,3,4
2305,grainbarley,gabona,6,3,3,grine,5,2,3
2306,grainbarley,termeny,7,3,4,grine,5,2,3
2307,wheat,buza,4,2,2,griu,4,2,2
2309,barley,arpa,4,2,2,orz,3,1,2
2311,rye,rozs,4,1,3,secara,6,3,3
2312,oats,zab,3,1,2,ovas,4,2,2
2313,maize,kukorica,8,4,4,porumb,6,2,4
2314,rice,rizs,4,1,3,orez,4,2,2
2315,grass,f,1,0,1,iarba,5,3,2
2316,hay,szena,5,2,3,fin,3,1,2
2317,plantnoun,noveny,6,3,3,planta,6,2,4
2318,plantnoun,noveny,6,3,3,iarba,5,3,2
2319,root,gyoker,6,3,3,radcin,6,2,4
2320,root,t,1,0,1,radcin,6,2,4
2321,branch,ag,2,1,1,ramura,6,3,3
2322,branch,ag,2,1,1,craca,5,2,3
2323,leaf,falevel,7,3,4,frunzafoaie,11,6,5
2324,leaf,lomb,4,1,3,frunzafoaie,11,6,5
2331,flower,virag,5,2,3,floare,6,3,3
2332,oak,tolgyfa,7,3,4,stejar,6,2,4
2334,beech,bukkfa,6,2,4,fag,3,1,2
2336,birch,nyirfa,6,3,3,mesteacan,9,4,5
2337,pine,erdeifeny,9,5,4,pin,3,1,2
2338,fir,luceny,6,3,3,brad,4,1,3
2339,acorn,makk,4,1,3,ghinda,6,2,4
2341,vine,szl,3,0,3,vita,4,2,2
2345,tobacco,dohany,6,3,3,tutun,5,2,3
2346,smoketobacco,dohanyzik,9,4,5,beatutun,8,4,4
2347,do,tesz,4,1,3,face,4,2,2
2348,do,czinal,6,2,4,face,4,2,2
2349,do,keszit,6,2,4,face,4,2,2
2353,work,dolgozik,8,3,5,lucru,5,2,3
2354,work,dolgozik,8,3,5,munca,5,2,3
2355,work,dolgozik,8,3,5,opera,5,3,2
2356,bend,haylit,6,3,3,incovoia,8,5,3
2357,bend,haylit,6,3,3,pleca,5,2,3
2368,fold,haytogat,8,4,4,indoi,5,3,2
2374,tie,kot,3,1,2,lega,4,2,2
2375,chain,lanc,4,1,3,lant,4,1,3
2378,rope,kotel,5,2,3,fringhie,8,3,5
2379,rope,kotel,5,2,3,funie,5,3,2
2380,rope,kotel,5,2,3,snur,4,1,3
2396,knotnoun,czomo,5,2,3,nod,3,1,2
2399,strikehit,ut,2,1,1,lovi,4,2,2
2400,strikehit,ut,2,1,1,bate,4,2,2
2401,strikehit,ver,3,1,2,lovi,4,2,2
2402,strikehit,ver,3,1,2,bate,4,2,2
2403,strikehit,czap,4,1,3,lovi,4,2,2
2404,strikehit,czap,4,1,3,bate,4,2,2
2423,cut,elvag,5,2,3,taia,4,3,1
2424,scissors,ollo,4,2,2,foarfeci,8,4,4
2426,ax,balta,5,2,3,topor,5,2,3
2427,ax,balta,5,2,3,secure,6,3,3
2428,ax,feysze,6,3,3,topor,5,2,3
2429,ax,feysze,6,3,3,secure,6,3,3
2430,break,eltor,5,2,3,sparge,6,2,4
2431,break,eltor,5,2,3,fringerupe,10,4,6
2436,split,elhasit,7,3,4,despica,7,3,4
2437,split,feloszta,8,3,5,despica,7,3,4
2438,split,elhasada,8,4,4,despica,7,3,4
2442,tear,tep,3,1,2,rupe,4,2,2
2448,flay,megnyuz,7,3,4,jupui,5,3,2
2449,flay,lehant,6,2,4,jupui,5,3,2
2450,rub,dorzol,6,2,4,freca,5,2,3
2452,stretch,megnyuyt,8,4,4,intinde,7,3,4
2458,pull,huz,3,1,2,trage,5,2,3
2459,spreadout,leterit,7,3,4,asterne,7,3,4
2460,spreadout,leterit,7,3,4,imprtia,7,3,4
2465,press,megnyom,7,3,4,presa,5,2,3
2466,press,megszorit,9,3,6,presa,5,2,3
2469,pour,ont,3,1,2,varsa,5,2,3
2470,pour,ont,3,1,2,turna,5,2,3
2471,pour,omlik,5,2,3,varsa,5,2,3
2472,pour,omlik,5,2,3,turna,5,2,3
2477,wash,mos,3,1,2,spala,5,2,3
2478,wash,mos,3,1,2,la,2,1,1
2481,sweep,sopor,5,2,3,matura,6,3,3
2482,sweep,elsodor,7,3,4,matura,6,3,3
2483,broom,sepr,4,1,3,matur,5,2,3
2484,broom,rekettye,8,4,4,matur,5,2,3
2485,tool,szerszam,8,2,6,unealta,7,4,3
2486,carpenter,acz,3,1,2,dulgher,7,2,5
2487,carpenter,acz,3,1,2,teslar,6,2,4
2494,build,epit,4,2,2,cladi,5,2,3
2495,build,epit,4,2,2,zidi,4,2,2
2502,bore,fur,3,1,2,gauri,5,3,2
2508,saw,fresz,5,1,4,ferestrau,9,4,5
2509,hammer,kalapacz,8,3,5,ciocan,6,3,3
2511,nail,szeg,4,1,3,cuiu,4,3,1
2513,smith,kovacz,6,2,4,faurar,6,3,3
2514,smith,kovacz,6,2,4,fierar,6,3,3
2517,forge,kovaczol,8,3,5,fauri,5,3,2
2519,anvil,ull,3,1,2,nicovala,8,4,4
2521,castmetals,ont,3,1,2,turna,5,2,3
2523,gold,arany,5,3,2,aur,3,2,1
2524,silver,ezust,5,2,3,argint,6,2,4
2526,copper,vorosrez,8,3,5,cupru,5,2,3
2527,copper,vorosrez,8,3,5,arama,5,3,2
2528,copper,vorosrez,8,3,5,bronz,5,1,4
2529,copper,bronz,5,1,4,cupru,5,2,3
2530,copper,bronz,5,1,4,arama,5,3,2
2531,copper,bronz,5,1,4,bronz,5,1,4
2562,iron,vas,3,1,2,fier,4,2,2
2563,leadnoun,olom,4,2,2,plumb,5,1,4
2564,tin,on,2,1,1,cositor,7,3,4
2565,tin,on,2,1,1,tinichea,8,4,4
2576,potter,fazekas,7,3,4,olar,4,2,2
2580,clay,agyag,5,3,2,argila,6,3,3
2581,clay,agyag,5,3,2,lut,3,1,2
2582,clay,agyag,5,3,2,huma,4,2,2
2604,glass,uveg,4,2,2,sticla,6,2,4
2606,basket,kosar,5,2,3,cos,3,1,2
2607,basket,kosar,5,2,3,paner,5,2,3
2610,carve,farag,5,2,3,sculpta,7,2,5
2616,sculptor,szobrasz,8,2,6,sculptor,8,2,6
2622,statue,szobor,6,2,4,statue,6,3,3
2626,chisel,ves,3,1,2,dalta,5,2,3
2627,paintnoun,szin,4,1,3,vapsea,6,3,3
2628,paintnoun,festek,6,2,4,vapsea,6,3,3
2629,paint,fest,4,1,3,vapsi,5,2,3
2630,paint,fest,4,1,3,zugravi,7,3,4
2631,paint,mazol,5,2,3,vapsi,5,2,3
2632,paint,mazol,5,2,3,zugravi,7,3,4
2637,move,mozdit,6,2,4,misca,5,2,3
2641,turnover,megfordul,9,3,6,intoarce,8,4,4
2642,turnover,felborit,8,3,5,intoarce,8,4,4
2647,turnaround,megfordit,9,3,6,invirti,7,3,4
2649,roll,felczavar,9,3,6,rostogoli,9,4,5
2650,roll,gordul,6,2,4,rostogoli,9,4,5
2653,rise,felszall,8,2,6,sescula,7,3,4
2654,rise,felszall,8,2,6,seridica,8,4,4
2655,rise,felkel,6,2,4,sescula,7,3,4
2656,rise,felkel,6,2,4,seridica,8,4,4
2665,raise,emel,4,2,2,ridica,6,3,3
2670,fall,esik,4,2,2,cadea,5,3,2
2673,drip,czepereg,8,3,5,picatur,7,3,4
2674,drip,czepereg,8,3,5,stropguta,9,3,6
2675,throw,dob,3,1,2,arunca,6,3,3
2676,throw,vet,3,1,2,arunca,6,3,3
2679,shake,raz,3,1,2,scutura,7,3,4
2694,flow,folyik,6,3,3,curge,5,2,3
2695,flow,omlik,5,2,3,curge,5,2,3
2702,sink,beft,4,1,3,scufunda,8,3,5
2705,float,uszik,5,2,3,pluti,5,2,3
2706,float,furdik,6,2,4,pluti,5,2,3
2713,swim,uszik,5,2,3,inota,5,3,2
2715,blow,fuy,3,2,1,sufla,5,2,3
2718,creep,maszik,6,2,4,setiri,6,3,3
2719,creep,kuszik,6,2,4,setiri,6,3,3
2726,slide,besurran,8,3,5,aluneca,7,4,3
2730,jump,ugrik,5,2,3,sari,4,2,2
2732,dance,tancol,6,2,4,dansa,5,2,3
2733,dance,tancol,6,2,4,juca,4,2,2
2740,walk,setal,5,2,3,umbla,5,2,3
2741,walk,setal,5,2,3,merge,5,2,3
2742,walk,megy,4,2,2,umbla,5,2,3
2743,walk,megy,4,2,2,merge,5,2,3
2756,run,fut,3,1,2,alerga,6,3,3
2757,run,szalad,6,2,4,alerga,6,3,3
2768,go,megy,4,2,2,merge,5,2,3
2769,go,megy,4,2,2,umbla,5,2,3
2770,go,lesz,4,1,3,merge,5,2,3
2771,go,lesz,4,1,3,umbla,5,2,3
2784,come,yon,3,2,1,veni,4,2,2
2785,come,megy,4,2,2,veni,4,2,2
2786,come,kerul,5,2,3,veni,4,2,2
2787,goaway,elmegy,6,3,3,pleca,5,2,3
2788,goaway,eltavozik,9,4,5,pleca,5,2,3
2791,flee,elmenekul,9,4,5,fugi,4,2,2
2792,flee,elfut,5,2,3,fugi,4,2,2
2795,follow,kovet,5,2,3,urma,4,2,2
2796,pursue,uldoz,5,2,3,urmari,6,3,3
2797,pursue,uldoz,5,2,3,goni,4,2,2
2800,reach,erkezik,7,3,4,ajunge,6,3,3
2801,reach,erkezik,7,3,4,sosi,4,2,2
2802,reach,yon,3,2,1,ajunge,6,3,3
2803,reach,yon,3,2,1,sosi,4,2,2
2812,approach,kozeledik,9,4,5,apropia,7,4,3
2813,enter,beyon,5,3,2,intra,5,2,3
2814,enter,bemegy,6,3,3,intra,5,2,3
2817,carrybear,hord,4,1,3,purta,5,2,3
2818,carrybear,hord,4,1,3,duce,4,2,2
2821,bring,hoz,3,1,2,aduce,5,3,2
2825,lead,vezet,5,2,3,duce,4,2,2
2826,lead,vezet,5,2,3,conduce,7,3,4
2829,drive,vezet,5,2,3,goni,4,2,2
2830,drive,vezet,5,2,3,mina,4,2,2
2831,drive,hayt,4,2,2,goni,4,2,2
2832,drive,hayt,4,2,2,mina,4,2,2
2837,ride,lovagol,7,3,4,umblamergecalare,16,7,9
2838,ride,lovagol,7,3,4,cutrasura,9,4,5
2841,push,elhalaszt,9,3,6,impinge,7,3,4
2842,push,elhalaszt,9,3,6,imbrinci,8,3,5
2843,push,lok,3,1,2,impinge,7,3,4
2844,push,lok,3,1,2,imbrinci,8,3,5
2845,road,ut,2,1,1,drum,4,1,3
2846,road,ut,2,1,1,cale,4,2,2
2849,path,ut,2,1,1,carare,6,3,3
2850,path,osveny,6,3,3,carare,6,3,3
2861,bridge,hid,3,1,2,pod,3,1,2
2862,carriage,koczi,5,2,3,trasur,6,2,4
2863,carriage,koczi,5,2,3,caru,4,2,2
2864,carriage,koczi,5,2,3,car,3,1,2
2865,carriage,hinto,5,2,3,trasur,6,2,4
2866,carriage,hinto,5,2,3,caru,4,2,2
2867,carriage,hinto,5,2,3,car,3,1,2
2868,carriage,vagon,5,2,3,trasur,6,2,4
2869,carriage,vagon,5,2,3,caru,4,2,2
2870,carriage,vagon,5,2,3,car,3,1,2
2943,wheel,kerek,5,2,3,roata,5,3,2
2944,axle,tengely,7,3,4,osie,4,3,1
2946,yoke,yarom,5,3,2,jug,3,1,2
2947,yoke,iga,3,2,1,jug,3,1,2
2952,ship,hayo,4,3,1,corabie,7,4,3
2953,boat,czonak,6,2,4,luntre,6,2,4
2954,boat,czonak,6,2,4,barca,5,2,3
2959,raft,tutay,5,3,2,pluta,5,2,3
2962,oar,evez,4,2,2,visl,4,1,3
2963,oar,evez,4,2,2,lopata,6,3,3
2974,rudder,kormany,7,3,4,cirm,4,1,3
2976,mast,arboc,5,2,3,catart,6,2,4
2979,sailnoun,vitorla,7,3,4,pinz,4,1,3
2981,anchor,horgony,7,3,4,ancora,6,3,3
2983,harbor,kikot,5,2,3,port,4,1,3
2986,have,van,3,1,2,avea,4,3,1
2987,own,birtokol,8,3,5,poseda,6,3,3
2989,take,vesz,4,1,3,lua,3,2,1
2991,seize,elegend,7,3,4,apuca,5,3,2
2992,seize,elegend,7,3,4,prinde,6,2,4
3009,hold,tart,4,1,3,tine,4,2,2
3010,get,megkap,6,2,4,capta,5,2,3
3011,get,megkap,6,2,4,obtine,6,3,3
3014,keep,gondoz,6,2,4,tine,4,2,2
3015,keep,tart,4,1,3,tine,4,2,2
3016,keep,rendelkezik,11,4,7,tine,4,2,2
3026,give,ad,2,1,1,da,2,1,1
3027,give,yuttat,6,3,3,da,2,1,1
3028,giveback,viszszad,8,2,6,inapoa,6,4,2
3029,preserve,riz,3,1,2,pastra,6,2,4
3032,save,ov,2,1,1,mintui,6,3,3
3033,save,ov,2,1,1,scapa,5,2,3
3034,save,ved,3,1,2,mintui,6,3,3
3035,save,ved,3,1,2,scapa,5,2,3
3036,destroy,elpusztit,9,3,6,distruge,8,3,5
3037,destroy,tonkretesz,10,3,7,distruge,8,3,5
3038,harm,art,3,1,2,facerau,7,4,3
3039,harm,art,3,1,2,vatma,5,2,3
3046,seek,keres,5,2,3,cautacerca,10,5,5
3048,find,megtalal,8,3,5,gasi,4,2,2
3049,find,megtalal,8,3,5,afla,4,2,2
3050,lose,elveszit,8,3,5,pierde,6,3,3
3052,release,elereszt,8,3,5,lasa,4,2,2
3053,money,penz,4,1,3,bani,4,2,2
3054,money,penz,4,1,3,parale,6,3,3
3057,coin,ercpenz,7,2,5,moneda,6,3,3
3058,coin,ercpenz,7,2,5,ban,3,1,2
3059,rich,gazdag,6,2,4,bogat,5,2,3
3062,poor,szegeny,7,3,4,sarac,5,2,3
3063,beggar,koldus,6,2,4,cersetor,8,3,5
3064,avaricious,onz,3,1,2,sgircit,7,2,5
3065,avaricious,onz,3,1,2,avar,4,2,2
3066,avaricious,onz,3,1,2,scump,5,1,4
3067,avaricious,kapzsi,6,2,4,sgircit,7,2,5
3068,avaricious,kapzsi,6,2,4,avar,4,2,2
3069,avaricious,kapzsi,6,2,4,scump,5,1,4
3154,lend,itel,4,2,2,imprumuta,9,4,5
3155,lend,itel,4,2,2,dacuimprumut,12,5,7
3160,borrow,elfolgal,8,3,5,imprumuta,9,4,5
3161,borrow,elfolgal,8,3,5,luacuimprumut,13,6,7
3164,owe,tartozik,8,3,5,datori,6,3,3
3165,debt,adossag,7,3,4,datorie,7,4,3
3167,pay,fizet,5,2,3,plati,5,2,3
3169,account,szamla,6,2,4,socoteala,9,5,4
3170,account,szamla,6,2,4,cont,4,1,3
3173,tax,fizetes,7,3,4,impozit,7,3,4
3174,tax,fizetes,7,3,4,taxa,4,2,2
3175,tax,diy,3,2,1,impozit,7,3,4
3176,tax,diy,3,2,1,taxa,4,2,2
3189,hire,kiberel,7,3,4,tocmi,5,2,3
3190,hire,felfogad,8,3,5,tocmi,5,2,3
3193,wages,fizetes,7,3,4,leafa,5,3,2
3194,wages,fizetes,7,3,4,plata,5,2,3
3195,wages,ber,3,1,2,leafa,5,3,2
3196,wages,ber,3,1,2,plata,5,2,3
3201,earn,keres,5,2,3,cistiga,7,3,4
3204,buy,vasarol,7,3,4,cumpara,7,3,4
3205,sell,elad,4,2,2,vinde,5,2,3
3206,trade,kereskedik,10,4,6,negocia,7,4,3
3207,trade,kereskedik,10,4,6,negustori,9,4,5
3208,trade,kereskedik,10,4,6,trafica,7,3,4
3215,merchant,keresked,8,3,5,negustor,8,3,5
3216,merchant,keresked,8,3,5,comerciante,11,5,6
3217,marketplace,vasar,5,2,3,tirg,4,1,3
3218,marketplace,piac,4,2,2,tirg,4,1,3
3225,store,bolt,4,1,3,pravlie,7,3,4
3226,store,bolt,4,1,3,magazin,7,3,4
3227,store,kereskedes,10,4,6,pravlie,7,3,4
3228,store,kereskedes,10,4,6,magazin,7,3,4
3229,store,uzlet,5,2,3,pravlie,7,3,4
3230,store,uzlet,5,2,3,magazin,7,3,4
3231,price,ar,2,1,1,pret,4,1,3
3233,dearcostly,draga,5,2,3,scump,5,1,4
3234,cheap,olczo,5,2,3,ieftin,6,3,3
3236,place,hely,4,2,2,loc,3,1,2
3237,place,ter,3,1,2,loc,3,1,2
3242,put,tesz,4,1,3,pune,4,2,2
3243,put,tesz,4,1,3,baga,4,2,2
3244,put,helyez,6,3,3,pune,4,2,2
3245,put,helyez,6,3,3,baga,4,2,2
3258,sit,ul,2,1,1,sedea,5,3,2
3259,liedown,fekszik,7,2,5,ficulcatzace,12,5,7
3261,stand,all,3,1,2,stainpicioare,13,7,6
3265,remain,marad,5,2,3,raminea,7,4,3
3266,remain,marad,5,2,3,astepta,7,3,4
3269,remains,maradekek,9,4,5,raminea,7,4,3
3271,collect,oszszegyyt,10,4,6,aduna,5,3,2
3272,collect,oszszegyyt,10,4,6,culege,6,3,3
3273,collect,oszszeszed,10,3,7,aduna,5,3,2
3274,collect,oszszeszed,10,3,7,culege,6,3,3
3279,join,egyesul,7,4,3,impreuna,8,4,4
3280,join,egyesul,7,4,3,uni,3,2,1
3281,join,gyl,3,1,2,impreuna,8,4,4
3282,join,gyl,3,1,2,uni,3,2,1
3287,separate,elvalaszt,9,3,6,despari,7,3,4
3288,separate,elvalaszt,9,3,6,separa,6,3,3
3295,divide,eloszt,6,2,4,diviza,6,3,3
3297,open,nyit,4,2,2,deschide,8,3,5
3298,shut,zar,3,1,2,inchide,7,3,4
3299,shut,czuk,4,1,3,inchide,7,3,4
3300,cover,befed,5,2,3,acoperi,7,4,3
3301,cover,bevon,5,2,3,acoperi,7,4,3
3302,hide,reyteget,8,4,4,ascunde,7,3,4
3303,hide,fed,3,1,2,ascunde,7,3,4
3314,high,magas,5,2,3,inalt,5,2,3
3317,low,alaczony,8,4,4,jos,3,1,2
3319,top,czucz,5,1,4,virf,4,1,3
3320,top,czucz,5,1,4,culme,5,2,3
3321,top,tetpont,7,2,5,virf,4,1,3
3322,top,tetpont,7,2,5,culme,5,2,3
3327,bottom,fenek,5,2,3,fund,4,1,3
3330,end,veg,3,1,2,capat,5,2,3
3333,pointed,eles,4,2,2,virf,4,1,3
3339,edge,hegy,4,2,2,tais,4,2,2
3340,edge,hegy,4,2,2,margine,7,3,4
3341,edge,ele,3,2,1,tais,4,2,2
3342,edge,ele,3,2,1,margine,7,3,4
3387,side,oldal,5,2,3,parte,5,2,3
3388,middle,kozeps,6,2,4,mijlociu,8,4,4
3389,middle,kozpont,7,2,5,mijlociu,8,4,4
3400,rightside,yobb,4,2,2,drept,5,1,4
3403,leftside,bal,3,1,2,sting,5,1,4
3406,nearadv,kozelben,8,3,5,aproape,7,4,3
3408,faradv,meszsze,7,2,5,departe,7,3,4
3409,faradv,tavol,5,2,3,departe,7,3,4
3412,east,kelet,5,2,3,est,3,1,2
3413,east,kelet,5,2,3,rasrit,6,2,4
3414,west,nyugat,6,3,3,vest,4,1,3
3415,west,nyugat,6,3,3,apus,4,2,2
3416,north,eszak,5,2,3,nord,4,1,3
3417,south,del,3,1,2,sud,3,1,2
3418,grow,n,1,0,1,creste,6,2,4
3424,measure,mer,3,1,2,masura,6,3,3
3428,large,nagy,4,2,2,mare,4,2,2
3429,small,kis,3,1,2,mic,3,1,2
3430,long,hoszszu,7,2,5,lung,4,1,3
3431,short,rovid,5,2,3,scurt,5,1,4
3433,wide,szeles,6,2,4,latlarg,7,2,5
3434,narrow,szk,3,0,3,strimt,6,1,5
3435,narrow,szk,3,0,3,ingust,6,2,4
3436,narrow,keskeny,7,3,4,strimt,6,1,5
3437,narrow,keskeny,7,3,4,ingust,6,2,4
3438,thickindimension,vastag,6,2,4,gros,4,1,3
3439,thinindimension,vekony,6,3,3,subtire,7,3,4
3441,deep,mely,4,2,2,adinc,5,2,3
3442,shallow,apro,4,2,2,putinadince,11,5,6
3443,flat,sik,3,1,2,ses,3,1,2
3444,flat,sik,3,1,2,lat,3,1,2
3449,straight,egyenes,7,4,3,drept,5,1,4
3450,crooked,gorbe,5,2,3,strimb,6,1,5
3451,crooked,ferde,5,2,3,strimb,6,1,5
3456,hook,kampo,5,2,3,cirlig,6,2,4
3460,corner,sarok,5,2,3,colt,4,1,3
3462,cross,kereszt,7,2,5,cruce,5,2,3
3463,square,negyzet,7,3,4,patrat,6,2,4
3465,round,kerek,5,2,3,rotund,6,2,4
3468,circle,kor,3,1,2,cerc,4,1,3
3470,sphere,labda,5,2,3,glob,4,1,3
3471,sphere,labda,5,2,3,sfera,5,2,3
3478,hole,lyuk,4,2,2,gaura,5,3,2
3479,hole,res,3,1,2,gaura,5,3,2
3484,like,ugyanolyan,10,6,4,asemenea,8,5,3
3485,like,hasonlo,7,3,4,asemenea,8,5,3
3488,change,valtozas,8,3,5,schimba,7,2,5
3489,change,valt,4,1,3,schimba,7,2,5
3496,every,minden,6,2,4,fiecare,7,4,3
3497,every,minden,6,2,4,tot,3,1,2
3498,every,minden,6,2,4,tofi,4,2,2
3499,every,mind,4,1,3,fiecare,7,4,3
3500,every,mind,4,1,3,tot,3,1,2
3501,every,mind,4,1,3,tofi,4,2,2
3508,much,sok,3,1,2,mult,4,1,3
3509,more,tobb,4,1,3,maimult,7,3,4
3510,littlequantity,keves,5,2,3,putin,5,2,3
3511,littlequantity,valami,6,3,3,putin,5,2,3
3514,enough,alaposan,8,4,4,destul,6,2,4
3515,enough,nagyon,6,3,3,destul,6,2,4
3516,multitude,sokasag,7,3,4,multine,7,3,4
3517,multitude,sokasag,7,3,4,gloata,6,3,3
3518,multitude,tomeg,5,2,3,multine,7,3,4
3519,multitude,tomeg,5,2,3,gloata,6,3,3
3524,full,telt,4,1,3,plin,4,1,3
3525,empty,ures,4,2,2,gol,3,1,2
3526,empty,ures,4,2,2,desert,6,2,4
3527,part,resz,4,1,3,parte,5,2,3
3529,half,fel,3,1,2,jumatatesb.,11,4,6
3530,alone,egyedul,7,4,3,singur,6,2,4
3531,alone,egyedul,7,4,3,unic,4,2,2
3532,alone,egyedul,7,4,3,numai,5,3,2
3533,alone,czak,4,1,3,singur,6,2,4
3534,alone,czak,4,1,3,unic,4,2,2
3535,alone,czak,4,1,3,numai,5,3,2
3536,alone,czupan,6,2,4,singur,6,2,4
3537,alone,czupan,6,2,4,unic,4,2,2
3538,alone,czupan,6,2,4,numai,5,3,2
3584,first,els,3,1,2,primintiid,10,4,6
3585,last,utolso,6,3,3,ultim,5,2,3
3586,last,utolso,6,3,3,dura,4,2,2
3587,last,bir,3,1,2,ultim,5,2,3
3588,last,bir,3,1,2,dura,4,2,2
3601,third,harmadik,8,3,5,altreilea,9,5,4
3602,threetimes,haromzor,8,3,5,detreiori,9,5,4
3604,time,id,2,1,1,timp,4,1,3
3605,time,id,2,1,1,vreme,5,2,3
3606,age,kor,3,1,2,virsta,6,2,4
3607,age,kor,3,1,2,etate,5,3,2
3608,new,uy,2,2,0,nou,3,2,1
3609,young,fiatal,6,3,3,tinr,4,1,3
3610,young,fiatal,6,3,3,june,4,2,2
3611,old,oreg,4,2,2,vechiu,6,3,3
3612,old,oreg,4,2,2,batrin,6,2,4
3617,early,koran,5,2,3,devreme,7,3,4
3618,early,koran,5,2,3,dedimineat,10,5,5
3619,early,yokor,5,3,2,devreme,7,3,4
3620,early,yokor,5,3,2,dedimineat,10,5,5
3625,late,kesn,4,1,3,tirziu,6,3,3
3627,now,most,4,1,3,acum,4,2,2
3629,swift,gyors,5,2,3,repede,6,3,3
3630,swift,gyors,5,2,3,iute,4,3,1
3631,swift,furge,5,2,3,repede,6,3,3
3632,swift,furge,5,2,3,iute,4,3,1
3633,swift,rohamos,7,3,4,repede,6,3,3
3634,swift,rohamos,7,3,4,iute,4,3,1
3635,slow,lassu,5,2,3,incet,5,2,3
3636,slow,lomha,5,2,3,incet,5,2,3
3637,hasten,siet,4,2,2,segrabi,7,3,4
3638,hasten,igyekszik,9,4,5,segrabi,7,3,4
3643,retard,lassit,6,2,4,intirzia,8,4,4
3644,retard,lassit,6,2,4,zabovi,6,3,3
3647,begin,kezd,4,1,3,incepe,6,3,3
3648,begin,kezd,4,1,3,inceput,7,3,4
3653,endtemporal,veg,3,1,2,sfirit,6,2,4
3654,finish,bevegez,7,3,4,ispravi,7,3,4
3655,finish,bevegez,7,3,4,sfirsi,6,2,4
3658,cease,abbahagy,8,4,4,inceta,6,3,3
3664,ready,kesz,4,1,3,gata,4,2,2
3665,always,mindig,6,2,4,totdeauna,9,5,4
3668,often,gyakran,7,3,4,adesea,6,4,2
3669,sometimes,valamikor,9,4,5,citeodat,8,4,4
3670,sometimes,valamikor,9,4,5,uneori,6,4,2
3671,never,soha,4,2,2,niciodat,8,4,4
3672,again,megint,6,2,4,iar,3,2,1
3673,again,pedig,5,2,3,iar,3,2,1
3684,day,nap,3,1,2,zi,2,1,1
3685,night,ey,2,2,0,noapte,6,3,3
3686,dawn,napkelte,8,3,5,zori,4,2,2
3687,dawn,napkelte,8,3,5,aurora,6,4,2
3688,dawn,haynal,6,3,3,zori,4,2,2
3689,dawn,haynal,6,3,3,aurora,6,4,2
3690,morning,reggel,6,2,4,dimineat,8,4,4
3692,noon,del,3,1,2,amiazi,6,4,2
3693,noon,del,3,1,2,miezulzilei,11,6,5
3696,evening,este,4,2,2,seara,5,3,2
3697,today,ma,2,1,1,astazi,6,3,3
3698,today,ma,2,1,1,azi,3,2,1
3699,tomorrow,holnap,6,2,4,mine,4,2,2
3700,yesterday,tegnap,6,2,4,ieri,4,3,1
3701,hour,ora,3,2,1,ceas,4,2,2
3702,clock,ora,3,2,1,orologiu,8,5,3
3703,clock,ora,3,2,1,ceasornic,9,4,5
3704,week,het,3,1,2,saptmini,8,3,5
3705,Sunday,vasarnap,8,3,5,duminica,8,4,4
3706,Monday,hetf,4,1,3,luni,4,2,2
3707,Tuesday,kedd,4,1,3,marti,5,2,3
3708,Wednesday,szerda,6,2,4,miercuri,8,4,4
3709,Thursday,czutortok,9,3,6,joui,4,3,1
3710,Friday,pentek,6,2,4,vineri,6,3,3
3711,Saturday,szombat,7,2,5,simbt,5,1,4
3712,month,honap,5,2,3,luna,4,2,2
3713,year,ev,2,1,1,an,2,1,1
3714,winter,tel,3,1,2,iarna,5,3,2
3715,summer,nyar,4,2,2,vara,4,2,2
3716,autumn,osz,3,1,2,toamna,6,3,3
3717,smellvbintrans,illatozik,9,4,5,mirosi,6,3,3
3718,smellvbtrans,megszagol,9,3,6,mirosi,6,3,3
3720,fragrant,illatos,7,3,4,mirositor,9,4,5
3726,stinking,bzos,4,1,3,puturos,7,3,4
3728,sweet,edes,4,2,2,dulce,5,2,3
3729,sweet,yoiz,4,3,1,dulce,5,2,3
3730,salty,sos,3,1,2,sarat,5,2,3
3732,bitter,keser,5,2,3,amar,4,2,2
3733,acid,savanyu,7,4,3,acru,4,2,2
3734,hear,hall,4,1,3,auzi,4,3,1
3736,listen,hallgat,7,2,5,asculta,7,3,4
3738,sound,hang,4,1,3,sunet,5,2,3
3740,loud,nagyhangu,9,4,5,tare,4,2,2
3744,see,lat,3,1,2,vedea,5,3,2
3746,look,nez,3,1,2,seuita,6,4,2
3749,show,mutat,5,2,3,arata,5,3,2
3752,shine,fenylik,7,3,4,straluci,8,3,5
3753,shine,fenylik,7,3,4,luci,4,2,2
3768,bright,vilagos,7,3,4,stralucitor,11,4,7
3769,bright,vilagos,7,3,4,luminos,7,3,4
3776,color,szin,4,1,3,coloare,7,4,3
3777,color,szin,4,1,3,fat,3,1,2
3780,lightincolor,vilagos,7,3,4,deschis,7,2,5
3781,darkincolor,sotet,5,2,3,inchis,6,2,4
3782,white,feher,5,2,3,alb,3,1,2
3783,black,fekete,6,3,3,negru,5,2,3
3785,red,piros,5,2,3,rosiu,5,3,2
3786,blue,kek,3,1,2,albastru,8,3,5
3788,touch,hozzaer,7,3,4,atinge,6,3,3
3790,feel,tapogat,7,3,4,pipati,6,3,3
3791,feel,erez,4,2,2,pipati,6,3,3
3796,hard,kemeny,6,3,3,tare,4,2,2
3798,soft,puha,4,2,2,moale,5,3,2
3799,soft,lagy,4,2,2,moale,5,3,2
3800,sharp,eles,4,2,2,ascutit,7,3,4
3801,sharp,eles,4,2,2,taios,5,3,2
3804,heavy,nehez,5,2,3,greu,4,2,2
3805,lightinweight,konny,5,2,3,usor,4,2,2
3806,wet,nedves,6,2,4,ud,2,1,1
3807,wet,nedves,6,2,4,umed,4,2,2
3808,wet,nyirkos,7,3,4,ud,2,1,1
3809,wet,nyirkos,7,3,4,umed,4,2,2
3830,dry,szaraz,6,2,4,uscat,5,2,3
3831,dry,szaraz,6,2,4,sec,3,1,2
3832,hot,forro,5,2,3,cald,4,1,3
3833,hot,tuzes,5,2,3,cald,4,1,3
3834,cold,hideg,5,2,3,rece,4,2,2
3835,cold,hideg,5,2,3,friguros,8,3,5
3836,clean,tiszta,6,2,4,curat,5,2,3
3837,dirty,piszkos,7,2,5,murdar,6,2,4
3838,dirty,moczkos,7,2,5,murdar,6,2,4
3845,soul,lelek,5,2,3,suflet,6,2,4
3846,soul,lelek,5,2,3,spirit,6,2,4
3847,soul,szellem,7,2,5,suflet,6,2,4
3848,soul,szellem,7,2,5,spirit,6,2,4
3853,surprised,meglepdott,10,3,7,mirare,6,3,3
3854,surprised,czodalkozo,10,4,6,mirare,6,3,3
3871,goodfortune,szerencze,9,3,6,noroc,5,2,3
3877,misfortune,balsors,7,2,5,nenorocire,10,5,5
3881,joyful,vidam,5,2,3,vesel,5,2,3
3882,joyful,vidam,5,2,3,voios,5,3,2
3883,joyful,vidam,5,2,3,bucuros,7,3,4
3884,joyful,boldog,6,2,4,vesel,5,2,3
3885,joyful,boldog,6,2,4,voios,5,3,2
3886,joyful,boldog,6,2,4,bucuros,7,3,4
3905,laugh,nevet,5,2,3,ride,4,2,2
3906,laugh,nevet,5,2,3,suride,6,3,3
3907,laugh,nevet,5,2,3,zimbi,5,2,3
3908,play,yatszik,7,3,4,sejuca,6,3,3
3912,love,szeret,6,2,4,iubire,6,4,2
3913,love,szeret,6,2,4,dragoste,8,3,5
3914,love,szeret,6,2,4,amor,4,2,2
3915,love,szeret,6,2,4,iubi,4,3,1
3916,love,szerelem,8,3,5,iubire,6,4,2
3917,love,szerelem,8,3,5,dragoste,8,3,5
3918,love,szerelem,8,3,5,amor,4,2,2
3919,love,szerelem,8,3,5,iubi,4,3,1
3936,kiss,czokol,6,2,4,saruta,6,3,3
3937,pain,fayas,5,3,2,durere,6,3,3
3938,pain,fayas,5,3,2,suferint,8,3,5
3939,grief,banat,5,2,3,mihnire,7,3,4
3940,grief,banat,5,2,3,suparare,8,4,4
3941,grief,szomorusag,10,4,6,mihnire,7,3,4
3942,grief,szomorusag,10,4,6,suparare,8,4,4
3959,anxiety,gondoskodas,11,4,7,ingrijorare,11,5,6
3960,anxiety,gondoskodas,11,4,7,neliniste,9,4,5
3967,regret,megsaynal,9,4,5,regreta,7,3,4
3968,regret,megsaynal,9,4,5,secai,5,3,2
3969,regret,megban,6,2,4,regreta,7,3,4
3970,regret,megban,6,2,4,secai,5,3,2
3971,pity,reszvet,7,2,5,mila,4,2,2
3972,pity,saynalkozas,11,5,6,mila,4,2,2
4001,cry,sirdogal,8,3,5,plinge,6,2,4
4002,tearnoun,konnyczepp,10,3,7,lacrima,7,3,4
4003,groan,nyog,4,2,2,geme,4,2,2
4004,groan,sohaytozik,10,5,5,geme,4,2,2
4015,hate,gylol,5,2,3,ura,3,2,1
4017,anger,gylolet,7,3,4,minie,5,3,2
4021,envy,irigyseg,8,4,4,invidie,7,4,3
4022,envy,irigyseg,8,4,4,gelozie,7,4,3
4037,shamenoun,szegyen,7,3,4,rusine,6,3,3
4039,proud,kevely,6,3,3,mindru,6,2,4
4040,proud,buszke,6,2,4,mindru,6,2,4
4041,dare,mer,3,1,2,indrzni,7,2,5
4042,dare,mer,3,1,2,cuteza,6,3,3
4049,brave,bator,5,2,3,viteaz,6,3,3
4050,brave,bator,5,2,3,brav,4,1,3
4051,brave,bator,5,2,3,curagios,8,4,4
4055,fear,felelem,7,3,4,frica,5,2,3
4056,fear,felelem,7,3,4,teama,5,3,2
4057,fear,felelem,7,3,4,spaima,6,3,3
4082,danger,veszely,7,3,4,pericol,7,3,4
4083,danger,veszely,7,3,4,primejdie,9,4,5
4084,desire,kivan,5,2,3,dori,4,2,2
4085,desire,akar,4,2,2,dori,4,2,2
4086,desire,kedve,5,2,3,dori,4,2,2
4087,desire,tartya,6,3,3,dori,4,2,2
4088,desire,szeret,6,2,4,dori,4,2,2
4094,hope,kivansag,8,3,5,speranta,8,3,5
4095,hope,kivansag,8,3,5,nadejde,7,3,4
4098,faithful,h,1,0,1,credincios,10,4,6
4099,faithful,h,1,0,1,statornic,9,3,6
4100,lie,hazudik,7,3,4,minciuna,8,4,4
4103,deceit,hazugsag,8,3,5,inselciune,10,5,5
4104,deceit,hazugsag,8,3,5,amagire,7,4,3
4107,forgive,megboczat,9,3,6,ierta,5,3,2
4108,good,yo,2,2,0,bun,3,1,2
4109,good,helyes,6,3,3,bun,3,1,2
4110,bad,roszsz,6,1,5,ra,2,1,1
4112,right,igaz,4,2,2,drept,5,1,4
4113,right,igaz,4,2,2,just,4,1,3
4116,fault,hiba,4,2,2,vina,4,2,2
4117,fault,felelsseg,9,3,6,vina,4,2,2
4120,mistake,hiba,4,2,2,gresal,6,2,4
4124,blame,szidas,6,2,4,blam,4,1,3
4125,blame,dorgalas,8,3,5,blam,4,1,3
4126,praise,diczeret,8,3,5,lauda,5,3,2
4128,beautiful,szep,4,1,3,frumos,6,2,4
4130,ugly,czunya,6,3,3,urit,4,2,2
4131,mind,esz,3,1,2,minte,5,2,3
4133,think,gondolkozik,11,4,7,cugeta,6,3,3
4134,think,gondolkozik,11,4,7,gindi,5,2,3
4135,think,gondolkozik,11,4,7,socoti,6,3,3
4136,think,gondolkozik,11,4,7,crede,5,2,3
4137,think,vel,3,1,2,cugeta,6,3,3
4138,think,vel,3,1,2,gindi,5,2,3
4139,think,vel,3,1,2,socoti,6,3,3
4140,think,vel,3,1,2,crede,5,2,3
4141,think,gondol,6,2,4,cugeta,6,3,3
4142,think,gondol,6,2,4,gindi,5,2,3
4143,think,gondol,6,2,4,socoti,6,3,3
4144,think,gondol,6,2,4,crede,5,2,3
4205,believe,hisz,4,1,3,crede,5,2,3
4206,understand,ert,3,1,2,inelege,7,4,3
4207,know,tud,3,1,2,sti,3,1,2
4208,know,tud,3,1,2,cunoaste,8,4,4
4209,know,ismer,5,2,3,sti,3,1,2
4210,know,ismer,5,2,3,cunoaste,8,4,4
4211,seem,latszik,7,2,5,parea,5,3,2
4212,wise,bolcz,5,1,4,inelept,7,3,4
4213,wise,okos,4,2,2,inelept,7,3,4
4214,foolish,ostoba,6,3,3,prost,5,1,4
4215,foolish,ostoba,6,3,3,neghiob,7,3,4
4216,foolish,ostoba,6,3,3,dobitoc,7,3,4
4217,foolish,ostoba,6,3,3,stupid,6,2,4
4218,foolish,buta,4,2,2,prost,5,1,4
4219,foolish,buta,4,2,2,neghiob,7,3,4
4220,foolish,buta,4,2,2,dobitoc,7,3,4
4221,foolish,buta,4,2,2,stupid,6,2,4
4222,foolish,hulye,5,3,2,prost,5,1,4
4223,foolish,hulye,5,3,2,neghiob,7,3,4
4224,foolish,hulye,5,3,2,dobitoc,7,3,4
4225,foolish,hulye,5,3,2,stupid,6,2,4
4262,insane,bolond,6,2,4,nebun,5,2,3
4263,insane,bolond,6,2,4,smintit,7,2,5
4264,insane,rult,4,1,3,nebun,5,2,3
4265,insane,rult,4,1,3,smintit,7,2,5
4278,learn,tanul,5,2,3,inva,4,2,2
4290,teach,tanit,5,2,3,inva,4,2,2
4291,teach,oktat,5,2,3,inva,4,2,2
4298,pupil,tanulo,6,3,3,elev,4,2,2
4300,teacher,tanito,6,3,3,invtor,6,2,4
4304,school,iskola,6,3,3,scoal,5,2,3
4306,remember,emlekszik,9,3,6,siaduceaminte,13,7,6
4314,forget,elfeleyt,8,4,4,uita,4,3,1
4315,clear,vilagos,7,3,4,clar,4,1,3
4317,obscure,homalyos,8,4,4,obscur,6,2,4
4321,secret,titkos,6,2,4,tainic,6,3,3
4322,secret,titkos,6,2,4,ascuns,6,2,4
4323,secret,titkos,6,2,4,secret,6,2,4
4327,sure,biztos,6,2,4,sigur,5,2,3
4328,sure,biztos,6,2,4,cert,4,1,3
4331,explain,megmagyaraz,11,5,6,explica,7,3,4
4333,intention,szandek,7,2,5,intentiune,10,5,5
4334,intention,szandek,7,2,5,gind,4,1,3
4335,intention,szandek,7,2,5,scop,4,1,3
4345,cause,ok,2,1,1,cauza,5,3,2
4347,doubt,ketelkedik,10,4,6,indoial,7,4,3
4349,suspect,ketelkedik,10,4,6,banueal,7,4,3
4350,suspect,gyanusit,8,4,4,banueal,7,4,3
4353,voice,hang,4,1,3,voce,4,2,2
4354,voice,hang,4,1,3,glas,4,1,3
4355,sing,enekel,6,3,3,cinta,5,2,3
4356,shout,kialt,5,2,3,striga,6,2,4
4357,shout,kialt,5,2,3,tipa,4,2,2
4358,shout,kiabal,6,3,3,striga,6,2,4
4359,shout,kiabal,6,3,3,tipa,4,2,2
4372,speak,beszel,6,2,4,vorbi,5,2,3
4373,speak,beszel,6,2,4,grai,4,2,2
4374,speak,beszel,6,2,4,cuvinta,7,3,4
4384,say,mond,4,1,3,zice,4,2,2
4385,say,szol,4,1,3,zice,4,2,2
4388,silentbe,czendes,7,2,5,tacea,5,3,2
4390,language,nyelv,5,2,3,limba,5,2,3
4391,language,nyelv,5,2,3,graiu,5,3,2
4392,word,szo,3,1,2,cuvint,6,2,4
4393,name,nev,3,1,2,nume,4,2,2
4394,askquestion,megkerdez,9,3,6,intreba,7,3,4
4397,answer,felel,5,2,3,raspunde,8,3,5
4398,answer,valaszol,8,3,5,raspunde,8,3,5
4401,admit,felismer,8,3,5,marturisi,9,4,5
4403,deny,tagad,5,2,3,nega,4,2,2
4404,deny,tagad,5,2,3,tagdui,6,3,3
4405,deny,kinyilik,8,4,4,nega,4,2,2
4406,deny,kinyilik,8,4,4,tagdui,6,3,3
4415,ask,ker,3,1,2,cere,4,2,2
4416,ask,kovetel,7,3,4,cere,4,2,2
4419,promise,megiger,7,3,4,promite,7,3,4
4420,promise,megiger,7,3,4,fagdui,6,3,3
4421,promise,megfogad,8,3,5,promite,7,3,4
4422,promise,megfogad,8,3,5,fagdui,6,3,3
4423,refuse,vonakodik,9,4,5,refuza,6,3,3
4425,forbid,tilt,4,1,3,opri,4,2,2
4426,forbid,tilt,4,1,3,interzice,9,4,5
4427,call,meghiv,6,2,4,chema,5,2,3
4428,call,invital,7,3,4,chema,5,2,3
4429,call,nevenszolit,11,4,7,chema,5,2,3
4463,announce,kihirdet,8,3,5,anunta,6,3,3
4464,announce,kihirdet,8,3,5,vesti,5,2,3
4467,threaten,megfenyeget,11,5,6,ameninta,8,4,4
4473,boast,diczekszik,10,3,7,selauda,7,4,3
4474,boast,diczekszik,10,3,7,sefali,6,3,3
4475,boast,kerkedik,8,3,5,selauda,7,4,3
4476,boast,kerkedik,8,3,5,sefali,6,3,3
4477,boast,henceg,6,2,4,selauda,7,4,3
4478,boast,henceg,6,2,4,sefali,6,3,3
4491,write,ir,2,1,1,scrie,5,2,3
4493,read,elolvas,7,3,4,citi,4,2,2
4495,paper,papir,5,2,3,hirtie,6,3,3
4496,pen,irotoll,7,3,4,pana,4,2,2
4497,pen,irotoll,7,3,4,condeiu,7,4,3
4508,book,konyv,5,2,3,carte,5,2,3
4509,poet,kolt,4,1,3,poet,4,2,2
4513,country,orszag,6,2,4,tar,3,1,2
4514,onesnativecountry,haza,4,2,2,patrie,6,3,3
4515,onesnativecountry,szulfold,8,2,6,patrie,6,3,3
4518,city,varos,5,2,3,oras,4,2,2
4519,village,falu,4,2,2,sat,3,1,2
4521,boundary,hatar,5,2,3,hotar,5,2,3
4522,boundary,hatar,5,2,3,frontiera,9,4,5
4523,boundary,hatar,5,2,3,margine,7,3,4
4524,peoplepopulace,nep,3,1,2,popor,5,2,3
4525,peoplepopulace,nep,3,1,2,norod,5,2,3
4528,tribe,torzs,5,1,4,trib,4,1,3
4529,tribe,torzs,5,1,4,semintie,8,4,4
4530,tribe,nemzetseg,9,3,6,trib,4,1,3
4531,tribe,nemzetseg,9,3,6,semintie,8,4,4
4536,rule,kormanyoz,9,4,5,guberna,7,3,4
4537,rule,kormanyoz,9,4,5,cirmui,6,3,3
4538,king,kiraly,6,3,3,rege,4,2,2
4540,queen,kiralyn,7,3,4,regina,6,3,3
4542,noble,nemesember,10,4,6,nobil,5,2,3
4546,citizen,allampolgar,11,4,7,cetaean,7,4,3
4547,citizen,polgar,6,2,4,cetaean,7,4,3
4554,master,gazda,5,2,3,stapin,6,2,4
4555,master,ur,2,1,1,stapin,6,2,4
4556,slave,rabszolga,9,3,6,sclav,5,1,4
4557,slave,rabszolga,9,3,6,rob,3,1,2
4560,servant,szolga,6,2,4,servitor,8,3,5
4561,servant,szolga,6,2,4,sluga,5,2,3
4562,servant,szolga,6,2,4,slujnic,7,2,5
4563,command,megparanczol,12,4,8,comanda,7,3,4
4564,command,megparanczol,12,4,8,ordona,6,3,3
4565,command,megparanczol,12,4,8,porunci,7,3,4
4566,command,felszolit,9,3,6,comanda,7,3,4
4567,command,felszolit,9,3,6,ordona,6,3,3
4568,command,felszolit,9,3,6,porunci,7,3,4
4575,obey,hallgat,7,2,5,asculta,7,3,4
4576,obey,engedelmeskedik,15,6,9,asculta,7,3,4
4591,let,megenged,8,3,5,lasa,4,2,2
4592,let,megenged,8,3,5,permite,7,3,4
4597,friend,barat,5,2,3,amic,4,2,2
4598,friend,barat,5,2,3,prieten,7,3,4
4599,friend,haver,5,2,3,amic,4,2,2
4600,friend,haver,5,2,3,prieten,7,3,4
4613,enemy,ellenseg,8,3,5,dusman,6,2,4
4617,neighbor,szomszed,8,2,6,vecin,5,2,3
4618,stranger,idegen,6,3,3,strain,6,2,4
4622,guest,vendeg,6,2,4,oaspete,7,4,3
4623,guest,vendeg,6,2,4,mosafir,7,3,4
4624,host,gazda,5,2,3,gazda,5,2,3
4625,help,segit,5,2,3,ajuta,5,3,2
4626,help,tamogat,7,3,4,ajuta,5,3,2
4627,hinder,zavar,5,2,3,impiedeca,9,5,4
4628,hinder,zavar,5,2,3,opri,4,2,2
4629,hinder,haborgat,8,3,5,impiedeca,9,5,4
4630,hinder,haborgat,8,3,5,opri,4,2,2
4631,hinder,akadalyoz,9,5,4,impiedeca,9,5,4
4632,hinder,akadalyoz,9,5,4,opri,4,2,2
4639,custom,mod,3,1,2,obiceiu,7,5,2
4640,custom,mod,3,1,2,moravuri,8,4,4
4645,strife,veszekedes,10,4,6,cearta,6,3,3
4646,strife,veszekedes,10,4,6,gilceava,8,4,4
4647,strife,vita,4,2,2,cearta,6,3,3
4648,strife,vita,4,2,2,gilceava,8,4,4
4685,conspiracy,megigezes,9,4,5,complot,7,2,5
4686,conspiracy,megigezes,9,4,5,conspiratiune,13,6,7
4687,conspiracy,radvasas,8,3,5,complot,7,2,5
4688,conspiracy,radvasas,8,3,5,conspiratiune,13,6,7
4693,meet,megtalal,8,3,5,intilni,7,3,4
4694,prostitute,prostitualt,11,4,7,curva,5,2,3
4695,prostitute,prostitualt,11,4,7,prostituata,11,5,6
4696,prostitute,keyn,4,2,2,curva,5,2,3
4697,prostitute,keyn,4,2,2,prostituata,11,5,6
4718,fight,harcol,6,2,4,combate,7,3,4
4719,fight,harcol,6,2,4,selupta,7,3,4
4720,fight,kuzol,5,2,3,combate,7,3,4
4721,fight,kuzol,5,2,3,selupta,7,3,4
4766,war,haboru,6,3,3,razboiu,7,4,3
4769,peace,beke,4,2,2,pace,4,2,2
4770,army,hadsereg,8,3,5,armata,6,3,3
4771,army,hadsereg,8,3,5,ostireoaste,11,6,5
4774,soldier,katona,6,3,3,soldatostas,11,4,7
4777,weapons,fegyver,7,3,4,arme,4,2,2
4778,club,gombost,7,2,5,maciuc,6,3,3
4787,sling,parittya,8,4,4,prastie,7,3,4
4789,bow,iy,2,2,0,arc,3,1,2
4790,arrow,nyil,4,2,2,sageat,6,3,3
4791,spear,kopya,5,3,2,lance,5,2,3
4792,spear,kopya,5,3,2,sulit,5,2,3
4793,spear,darda,5,2,3,lance,5,2,3
4794,spear,darda,5,2,3,sulit,5,2,3
4799,sword,kard,4,1,3,sabie,5,3,2
4800,sword,kard,4,1,3,spada,5,2,3
4803,gun,fegyver,7,3,4,pusc,4,1,3
4804,gun,fegyver,7,3,4,tun,3,1,2
4805,gun,agyu,4,3,1,pusc,4,1,3
4806,gun,agyu,4,3,1,tun,3,1,2
4807,gun,loveg,5,2,3,pusc,4,1,3
4808,gun,loveg,5,2,3,tun,3,1,2
4821,armordefensive,pancelzat,9,3,6,armura,6,3,3
4827,helmet,sisak,5,2,3,coif,4,2,2
4829,shield,payzs,5,2,3,scut,4,1,3
4832,fortress,erd,3,1,2,fortarea,8,4,4
4835,tower,torony,6,3,3,turn,4,1,3
4836,victory,gyozelem,8,4,4,victorie,8,4,4
4837,victory,gyozelem,8,4,4,biruint,7,3,4
4838,victory,gyozelem,8,4,4,izbind,6,2,4
4839,defeat,vereseg,7,3,4,infringere,10,4,6
4840,defeat,eltalalas,9,4,5,infringere,10,4,6
4841,defeat,rarohan,7,3,4,infringere,10,4,6
4857,attack,tamadas,7,3,4,atac,4,2,2
4858,attack,roham,5,2,3,atac,4,2,2
4861,defend,ov,2,1,1,aparare,7,4,3
4862,defend,ved,3,1,2,aparare,7,4,3
4863,retreat,viszszalep,10,3,7,retragere,9,4,5
4866,surrender,atad,4,2,2,preda,5,2,3
4867,surrender,atenged,7,3,4,preda,5,2,3
4870,captive,fogoly,6,3,3,captiv,6,2,4
4871,captive,fogoly,6,3,3,prizonier,9,4,5
4872,captive,rab,3,1,2,captiv,6,2,4
4873,captive,rab,3,1,2,prizonier,9,4,5
4886,booty,hadizsakmany,12,5,7,prada,5,2,3
4888,ambush,czapda,6,2,4,pind,4,1,3
4897,law,torveny,7,3,4,drept,5,1,4
4898,law,yog,3,2,1,drept,5,1,4
4903,court,torvenyszek,11,4,7,tribunal,8,3,5
4904,court,torvenyszek,11,4,7,curte,5,2,3
4905,court,birosag,7,3,4,tribunal,8,3,5
4906,court,birosag,7,3,4,curte,5,2,3
4911,judge,eletel,6,3,3,judeca,6,3,3
4912,judge,velemenyt,9,4,5,judeca,6,3,3
4913,judgment,itelet,6,3,3,judecata,8,4,4
4915,judgenoun,biro,4,2,2,judecator,9,4,5
4917,plaintiff,felperes,8,3,5,acuzator,8,4,4
4918,plaintiff,panaszos,8,3,5,acuzator,8,4,4
4921,defendant,alperes,7,3,4,akuzat,6,3,3
4925,witness,tanu,4,2,2,martor,6,2,4
4927,swear,eskuttesz,9,3,6,jura,4,2,2
4931,oath,esku,4,2,2,juramint,8,3,5
4934,accuse,vadatemel,9,4,5,acuza,5,3,2
4936,condemn,eltel,5,2,3,condamna,8,3,5
4937,convict,bnosnektalalyaitel,18,8,10,gasivinovat,11,5,6
4939,acquit,felment,7,2,5,achita,6,3,3
4940,guilty,bnos,4,1,3,vinovat,7,3,4
4941,guilty,hibas,5,2,3,vinovat,7,3,4
4942,innocent,artatlan,8,3,5,inocent,7,3,4
4943,innocent,artatlan,8,3,5,nevinovat,9,4,5
4944,penalty,buntetes,8,3,5,pedeapsa,8,4,4
4945,fine,birsag,6,2,4,amenda,6,3,3
4946,fine,birsag,6,2,4,gloaba,6,3,3
4949,prison,foghaz,6,2,4,inchisoare,10,5,5
4950,prison,borton,6,2,4,inchisoare,10,5,5
4953,rape,enszak,6,2,4,viol,4,2,2
4954,arson,gyuytogatas,11,6,5,incendiu,8,4,4
4955,religion,vallas,6,2,4,religiune,9,5,4
4956,religion,vallas,6,2,4,religie,7,4,3
4959,God,Isten,5,2,3,dumnezeu,8,4,4
4960,God,Isten,5,2,3,zeu,3,2,1
4963,temple,templom,7,2,5,templu,6,2,4
4964,temple,egyhaz,6,3,3,templu,6,2,4
4981,altar,oltar,5,2,3,altar,5,2,3
4982,sacrifice,aldozat,7,3,4,sacrificiu,10,5,5
4983,sacrifice,aldozat,7,3,4,jertfa,6,2,4
4990,worship,istenkenttisztel,16,5,11,adora,5,3,2
4992,pray,imadkozik,9,4,5,ruga,4,2,2
4995,priest,pap,3,1,2,preot,5,2,3
4996,priest,pap,3,1,2,popa,4,2,2
4997,priest,lelkesz,7,2,5,preot,5,2,3
4998,priest,lelkesz,7,2,5,popa,4,2,2
5003,holy,szent,5,1,4,sfint,5,1,4
5004,holy,szent,5,1,4,sacru,5,2,3
5007,preach,predikal,8,3,5,predica,7,3,4
5008,preach,predikal,8,3,5,propovedui,10,5,5
5009,preach,szentbeszedetmond,17,5,12,predica,7,3,4
5010,preach,szentbeszedetmond,17,5,12,propovedui,10,5,5
5011,bless,megald,6,2,4,binecuvinta,11,5,6
5012,bless,megald,6,2,4,blagoslovi,10,4,6
5015,curse,elatkoz,7,3,4,blestema,8,3,5
5019,fast,boytol,6,3,3,postiajuna,10,5,5
5021,heaven,eg,2,1,1,cer,3,1,2
